{
  "__type__": "dragonBones.DragonBonesAsset",
  "_name": "monster_3_ske",
  "_objFlags": 0,
  "_native": "",
  "_dragonBonesJson": "{\"frameRate\":24,\"name\":\"monster_3\",\"version\":\"5.5\",\"compatibleVersion\":\"5.5\",\"armature\":[{\"type\":\"Armature\",\"frameRate\":24,\"name\":\"Armature\",\"aabb\":{\"x\":-188.5,\"y\":-250.34,\"width\":343,\"height\":273.34},\"bone\":[{\"name\":\"root\"},{\"name\":\"m_centre\",\"parent\":\"root\",\"transform\":{\"x\":0.5142,\"y\":-77.4951}},{\"name\":\"bone_ikTarget1\",\"parent\":\"root\",\"transform\":{\"x\":-20.4801,\"y\":-0.8168}},{\"name\":\"bone_ikTarget\",\"parent\":\"root\",\"transform\":{\"x\":35.0456,\"y\":-1.8083}},{\"name\":\"m3_fx1\",\"parent\":\"root\",\"transform\":{\"x\":-16.9996,\"y\":-123.6633,\"scX\":1.5,\"scY\":1.5}},{\"name\":\"shadow2\",\"parent\":\"root\",\"transform\":{\"x\":5.2,\"y\":-0.6}},{\"length\":35,\"name\":\"spine\",\"parent\":\"m_centre\",\"transform\":{\"x\":-0.1642,\"y\":0.0611,\"skX\":-93.3901,\"skY\":-93.3901}},{\"length\":41,\"name\":\"thigh_l\",\"parent\":\"m_centre\",\"transform\":{\"x\":-0.1754,\"y\":0.2189,\"skX\":68.9132,\"skY\":68.9132}},{\"length\":37,\"name\":\"thigh_r\",\"parent\":\"m_centre\",\"transform\":{\"x\":0.0011,\"y\":0.0405,\"skX\":112.5188,\"skY\":112.5188}},{\"length\":45,\"name\":\"calf_r\",\"parent\":\"thigh_r\",\"transform\":{\"x\":37.077,\"skX\":-15.7164,\"skY\":-15.7164}},{\"length\":43,\"name\":\"calf_l\",\"parent\":\"thigh_l\",\"transform\":{\"x\":41.6918,\"skX\":-6.6996,\"skY\":-6.6996}},{\"length\":36,\"name\":\"spine1\",\"parent\":\"spine\",\"transform\":{\"x\":35.5121,\"skX\":0.8904,\"skY\":0.8904}},{\"length\":33,\"name\":\"upperarm_r\",\"parent\":\"spine1\",\"transform\":{\"x\":22.5636,\"y\":-0.9668,\"skX\":-149.4077,\"skY\":-149.4077}},{\"length\":74,\"name\":\"head1\",\"parent\":\"spine1\",\"transform\":{\"x\":30.4821,\"y\":-0.0706,\"skX\":4.798,\"skY\":4.798}},{\"length\":35,\"name\":\"upperarm_l\",\"parent\":\"spine1\",\"transform\":{\"x\":25.2046,\"y\":-0.7014,\"skX\":149.8319,\"skY\":149.8319}},{\"length\":41,\"name\":\"forearm_l\",\"parent\":\"upperarm_l\",\"transform\":{\"x\":35.7561,\"skX\":11.9405,\"skY\":11.9405}},{\"length\":42,\"name\":\"forearm_r\",\"parent\":\"upperarm_r\",\"transform\":{\"x\":33.0842,\"y\":0.2502,\"skX\":8.561,\"skY\":8.561}}],\"slot\":[{\"name\":\"upperarm_r\",\"parent\":\"upperarm_r\"},{\"name\":\"forearm_r\",\"parent\":\"forearm_r\"},{\"name\":\"thigh_r\",\"parent\":\"thigh_r\"},{\"name\":\"calf_r\",\"parent\":\"calf_r\"},{\"name\":\"spine\",\"parent\":\"spine1\"},{\"name\":\"thigh_l\",\"parent\":\"thigh_l\"},{\"name\":\"calf_l\",\"parent\":\"calf_l\"},{\"name\":\"head1\",\"parent\":\"head1\"},{\"name\":\"upperarm_l\",\"parent\":\"upperarm_l\"},{\"name\":\"forearm_l\",\"parent\":\"forearm_l\"},{\"name\":\"m3_fx1\",\"parent\":\"m3_fx1\"},{\"name\":\"shadow2\",\"parent\":\"shadow2\"}],\"ik\":[{\"bendPositive\":false,\"chain\":1,\"name\":\"bone_ik\",\"bone\":\"calf_l\",\"target\":\"bone_ikTarget\"},{\"bendPositive\":false,\"chain\":1,\"name\":\"bone_ik1\",\"bone\":\"calf_r\",\"target\":\"bone_ikTarget1\"}],\"skin\":[{\"slot\":[{\"name\":\"m3_fx1\",\"display\":[{\"name\":\"m3/m3_fx1\"},{\"name\":\"m3/m3_fx2\"},{\"name\":\"m3/m3_fx3\"},{\"name\":\"m3/m3_fx4\"},{\"name\":\"m3/m3_fx5\"},{\"name\":\"m3/m3_fx6\"}]},{\"name\":\"thigh_r\",\"display\":[{\"name\":\"m3/thigh_r\",\"transform\":{\"x\":19.07,\"y\":-0.35,\"skX\":-112.52,\"skY\":-112.52}}]},{\"name\":\"calf_l\",\"display\":[{\"name\":\"m3/calf_l\",\"transform\":{\"x\":19.58,\"y\":0.07,\"skX\":-62.21,\"skY\":-62.21}}]},{\"name\":\"upperarm_l\",\"display\":[{\"name\":\"m3/upperarm_l\",\"transform\":{\"x\":17.69,\"y\":-0.08,\"skX\":-57.33,\"skY\":-57.33}}]},{\"name\":\"shadow2\",\"display\":[{\"name\":\"m3/shadow2\",\"transform\":{\"x\":-5.2,\"y\":0.6}}]},{\"name\":\"upperarm_r\",\"display\":[{\"name\":\"m3/upperarm_r\",\"transform\":{\"x\":16.61,\"y\":-0.1,\"skX\":-118.09,\"skY\":-118.09}}]},{\"name\":\"forearm_l\",\"display\":[{\"name\":\"m3/forearm_l\",\"transform\":{\"x\":18.37,\"y\":0.2,\"skX\":-69.27,\"skY\":-69.27}}]},{\"name\":\"forearm_r\",\"display\":[{\"name\":\"m3/forearm_r\",\"transform\":{\"x\":20.75,\"y\":0.02,\"skX\":-126.65,\"skY\":-126.65}}]},{\"name\":\"head1\",\"display\":[{\"name\":\"m3/head1\",\"transform\":{\"x\":52.02,\"y\":-0.66,\"skX\":87.7,\"skY\":87.7}},{\"name\":\"m3/head2\",\"transform\":{\"x\":46.71,\"y\":-10.86,\"skX\":87.7,\"skY\":87.7}}]},{\"name\":\"thigh_l\",\"display\":[{\"name\":\"m3/thigh_l\",\"transform\":{\"x\":21.62,\"y\":0.23,\"skX\":-68.91,\"skY\":-68.91}}]},{\"name\":\"spine\",\"display\":[{\"type\":\"mesh\",\"name\":\"m3/spine\",\"width\":14,\"height\":78,\"vertices\":[-8.43,-150.68,5.57,-150.68,-8.43,-72.68,5.57,-72.68,5.57,-112.4,-8.43,-112.2,5.57,-116.25,-8.43,-115.65,5.57,-108.45,-8.43,-107.3],\"uvs\":[0,0,1,0,0,1,1,1,1,0.49078,0,0.49335,1,0.44143,0,0.44912,1,0.54143,0,0.55617],\"triangles\":[0,7,6,9,2,3,5,9,8,9,3,8,0,6,1,6,7,4,7,5,4,5,8,4],\"weights\":[2,6,0.019119,11,0.980881,2,6,0.051377,11,0.948623,2,6,0.943368,11,0.056632,2,6,0.971029,11,0.028971,2,6,0.503929,11,0.496071,2,6,0.500179,11,0.499821,2,6,0.449406,11,0.550594,2,6,0.25,11,0.75,2,6,0.74,11,0.26,2,6,0.607439,11,0.392561],\"slotPose\":[1,0,0,1,0,0],\"bonePose\":[6,-0.059135,-0.99825,0.99825,-0.059135,0.35,-77.433984,11,-0.043615,-0.999048,0.999048,-0.043615,-1.75,-112.883984],\"edges\":[0,1,3,2,1,6,6,4,5,7,7,0,4,8,8,3,2,9,9,5],\"userEdges\":[]}]},{\"name\":\"calf_r\",\"display\":[{\"name\":\"m3/calf_r\",\"transform\":{\"x\":20.63,\"y\":-0.16,\"skX\":-96.8,\"skY\":-96.8}}]}]}],\"animation\":[{\"duration\":12,\"playTimes\":0,\"name\":\"Run\",\"bone\":[{\"name\":\"m_centre\",\"translateFrame\":[{\"duration\":3,\"tweenEasing\":0,\"y\":1.65},{\"duration\":3,\"tweenEasing\":0,\"y\":-3.86},{\"duration\":3,\"tweenEasing\":0,\"y\":1.65},{\"duration\":3,\"tweenEasing\":0,\"y\":-3.86},{\"duration\":0,\"y\":1.65}]},{\"name\":\"spine\",\"rotateFrame\":[{\"duration\":6,\"tweenEasing\":0},{\"duration\":6,\"tweenEasing\":0,\"rotate\":2},{\"duration\":0}]},{\"name\":\"spine1\",\"rotateFrame\":[{\"duration\":6,\"tweenEasing\":0},{\"duration\":6,\"tweenEasing\":0,\"rotate\":2},{\"duration\":0}]},{\"name\":\"head1\",\"rotateFrame\":[{\"duration\":6,\"tweenEasing\":0},{\"duration\":6,\"tweenEasing\":0,\"rotate\":-9},{\"duration\":0}]},{\"name\":\"upperarm_l\",\"rotateFrame\":[{\"duration\":6,\"tweenEasing\":0,\"rotate\":58.17},{\"duration\":6,\"tweenEasing\":0},{\"duration\":0,\"rotate\":58.17}]},{\"name\":\"upperarm_r\",\"rotateFrame\":[{\"duration\":6,\"tweenEasing\":0,\"rotate\":-69.59},{\"duration\":6,\"tweenEasing\":0},{\"duration\":0,\"rotate\":-69.59}]},{\"name\":\"bone_ikTarget\",\"translateFrame\":[{\"tweenEasing\":0,\"x\":14.39,\"y\":-11.12},{\"duration\":2,\"tweenEasing\":0,\"x\":-4.32,\"y\":-14.11},{\"duration\":2,\"tweenEasing\":0,\"x\":-43.92,\"y\":-12.84},{\"tweenEasing\":0,\"x\":-67.47,\"y\":-7.07},{\"tweenEasing\":0,\"x\":-77.71,\"y\":-11.88},{\"duration\":2,\"tweenEasing\":0,\"x\":-65.12,\"y\":0.62},{\"duration\":2,\"tweenEasing\":0,\"x\":-10.15,\"y\":1},{\"tweenEasing\":0,\"x\":1.77,\"y\":-1.64},{\"duration\":0,\"x\":14.39,\"y\":-11.12}]},{\"name\":\"bone_ikTarget1\",\"translateFrame\":[{\"tweenEasing\":0,\"x\":-20.69,\"y\":-8.67},{\"duration\":2,\"tweenEasing\":0,\"x\":-9.58,\"y\":-2.04},{\"duration\":2,\"tweenEasing\":0,\"x\":43.81,\"y\":-2.55},{\"tweenEasing\":0,\"x\":59.99,\"y\":-7.57},{\"tweenEasing\":0,\"x\":72.15,\"y\":-21.57},{\"duration\":2,\"tweenEasing\":0,\"x\":56.35,\"y\":-19.53},{\"duration\":2,\"tweenEasing\":0,\"x\":8.34,\"y\":-15.44},{\"tweenEasing\":0,\"x\":-12.72,\"y\":-6.48},{\"duration\":0,\"x\":-20.69,\"y\":-8.67}]}],\"slot\":[{\"name\":\"m3_fx1\",\"displayFrame\":[{\"duration\":12,\"value\":-1}]}]},{\"duration\":24,\"playTimes\":0,\"name\":\"Idle\",\"bone\":[{\"name\":\"m_centre\",\"translateFrame\":[{\"duration\":12,\"tweenEasing\":0,\"y\":7.16},{\"duration\":12,\"tweenEasing\":0,\"x\":-2.64,\"y\":7.16},{\"duration\":0,\"y\":7.16}]},{\"name\":\"spine\",\"rotateFrame\":[{\"duration\":12,\"tweenEasing\":0},{\"duration\":12,\"tweenEasing\":0,\"rotate\":2},{\"duration\":0}]},{\"name\":\"upperarm_l\",\"rotateFrame\":[{\"duration\":12,\"tweenEasing\":0,\"rotate\":58.17},{\"duration\":12,\"tweenEasing\":0,\"rotate\":66.17},{\"duration\":0,\"rotate\":58.17}]},{\"name\":\"upperarm_r\",\"rotateFrame\":[{\"duration\":12,\"tweenEasing\":0,\"rotate\":-69.59},{\"duration\":12,\"tweenEasing\":0,\"rotate\":-75.59},{\"duration\":0,\"rotate\":-69.59}]},{\"name\":\"bone_ikTarget\",\"translateFrame\":[{\"duration\":24,\"x\":9.34,\"y\":1.36}]},{\"name\":\"bone_ikTarget1\",\"translateFrame\":[{\"duration\":24,\"x\":-19.77,\"y\":-0.86}]}],\"slot\":[{\"name\":\"m3_fx1\",\"displayFrame\":[{\"duration\":24,\"value\":-1}]}]},{\"duration\":9,\"playTimes\":0,\"name\":\"Attack\",\"frame\":[{\"duration\":4},{\"duration\":0,\"events\":[{\"ints\":[3],\"name\":\"checkAttack\"}]}],\"bone\":[{\"name\":\"m_centre\",\"translateFrame\":[{\"duration\":2,\"tweenEasing\":0,\"y\":7.16},{\"duration\":2,\"tweenEasing\":0,\"x\":2.49,\"y\":7.41},{\"duration\":5,\"x\":-9.17,\"y\":4.83}]},{\"name\":\"bone_ikTarget1\",\"translateFrame\":[{\"duration\":2,\"tweenEasing\":0,\"x\":-19.77,\"y\":-0.86},{\"duration\":7,\"x\":-18.5,\"y\":-0.86}]},{\"name\":\"bone_ikTarget\",\"translateFrame\":[{\"duration\":2,\"tweenEasing\":0,\"x\":9.34,\"y\":1.36},{\"duration\":2,\"tweenEasing\":0,\"x\":6.46,\"y\":-0.12},{\"duration\":5,\"x\":1.64,\"y\":0.37}]},{\"name\":\"spine\",\"rotateFrame\":[{\"duration\":2,\"tweenEasing\":0},{\"duration\":2,\"tweenEasing\":0,\"rotate\":24},{\"duration\":5,\"rotate\":-7}]},{\"name\":\"spine1\",\"rotateFrame\":[{\"duration\":2,\"tweenEasing\":0},{\"duration\":2,\"tweenEasing\":0,\"rotate\":-12},{\"duration\":5,\"rotate\":-9}]},{\"name\":\"upperarm_l\",\"rotateFrame\":[{\"duration\":2,\"tweenEasing\":0},{\"tweenEasing\":0,\"rotate\":-68},{\"tweenEasing\":0,\"rotate\":30.17},{\"duration\":5,\"rotate\":133.17}]},{\"name\":\"head1\",\"rotateFrame\":[{\"duration\":2,\"tweenEasing\":0},{\"duration\":2,\"tweenEasing\":0,\"rotate\":-5},{\"duration\":5,\"rotate\":7}]},{\"name\":\"upperarm_r\",\"rotateFrame\":[{\"duration\":2,\"tweenEasing\":0},{\"duration\":2,\"tweenEasing\":0,\"rotate\":42},{\"duration\":5,\"rotate\":-79.59}]},{\"name\":\"forearm_l\",\"rotateFrame\":[{\"duration\":2,\"tweenEasing\":0},{\"tweenEasing\":0,\"rotate\":157.06},{\"tweenEasing\":0,\"rotate\":108.56},{\"duration\":5,\"rotate\":-7.94}]},{\"name\":\"forearm_r\",\"rotateFrame\":[{\"duration\":2,\"tweenEasing\":0},{\"duration\":2,\"tweenEasing\":0,\"rotate\":-1},{\"duration\":5,\"rotate\":134}]},{\"name\":\"m3_fx1\",\"translateFrame\":[{\"duration\":2},{\"duration\":7,\"tweenEasing\":0,\"x\":53.25,\"y\":-4.1},{\"duration\":0,\"x\":-12.52,\"y\":-8.97}]}],\"slot\":[{\"name\":\"head1\",\"displayFrame\":[{\"duration\":4},{\"duration\":5,\"value\":1}]},{\"name\":\"m3_fx1\",\"displayFrame\":[{\"duration\":2,\"value\":-1},{},{\"value\":1},{\"value\":2},{\"value\":3},{\"value\":4},{\"duration\":2,\"value\":5}],\"colorFrame\":[{\"duration\":8},{\"tweenEasing\":0,\"value\":{\"aM\":56}},{\"duration\":0,\"value\":{\"aM\":0}}]}]},{\"duration\":4,\"playTimes\":0,\"name\":\"Hurt\",\"bone\":[{\"name\":\"m_centre\",\"translateFrame\":[{\"duration\":4,\"tweenEasing\":0,\"y\":7.16},{\"duration\":0,\"x\":1.66,\"y\":6.02}]},{\"name\":\"bone_ikTarget1\",\"translateFrame\":[{\"duration\":4,\"x\":-19.77,\"y\":-0.86}]},{\"name\":\"bone_ikTarget\",\"translateFrame\":[{\"duration\":4,\"x\":9.34,\"y\":1.36}]},{\"name\":\"spine\",\"rotateFrame\":[{\"duration\":2,\"tweenEasing\":0},{\"duration\":2,\"tweenEasing\":0,\"rotate\":22},{\"duration\":0,\"rotate\":12}]},{\"name\":\"spine1\",\"rotateFrame\":[{\"duration\":2,\"tweenEasing\":0},{\"duration\":2,\"tweenEasing\":0,\"rotate\":-0.5},{\"duration\":0,\"rotate\":-5}]},{\"name\":\"head1\",\"rotateFrame\":[{\"duration\":2,\"tweenEasing\":0},{\"duration\":2,\"tweenEasing\":0,\"rotate\":-7},{\"duration\":0,\"rotate\":7}]},{\"name\":\"upperarm_r\",\"rotateFrame\":[{\"duration\":4,\"rotate\":-69.59}]},{\"name\":\"upperarm_l\",\"rotateFrame\":[{\"duration\":4,\"tweenEasing\":0,\"rotate\":58.17},{\"duration\":0,\"rotate\":66.17}]},{\"name\":\"forearm_r\",\"rotateFrame\":[{\"duration\":2,\"tweenEasing\":0},{\"duration\":2,\"tweenEasing\":0,\"rotate\":10.5},{\"duration\":0,\"rotate\":1}]}],\"slot\":[{\"name\":\"m3_fx1\",\"displayFrame\":[{\"duration\":4,\"value\":-1}]}]},{\"duration\":12,\"playTimes\":0,\"name\":\"Died\",\"bone\":[{\"name\":\"m_centre\",\"translateFrame\":[{\"duration\":5,\"tweenEasing\":0,\"y\":7.16},{\"duration\":7,\"tweenEasing\":0,\"x\":40.57,\"y\":-11.31},{\"duration\":0,\"x\":70.14,\"y\":71.85}]},{\"name\":\"spine\",\"rotateFrame\":[{\"duration\":5,\"tweenEasing\":0},{\"duration\":7,\"tweenEasing\":0,\"rotate\":56.25},{\"duration\":0,\"rotate\":93}]},{\"name\":\"spine1\",\"rotateFrame\":[{\"duration\":5,\"tweenEasing\":0},{\"duration\":7,\"tweenEasing\":0,\"rotate\":-23},{\"duration\":0,\"rotate\":-1}]},{\"name\":\"head1\",\"rotateFrame\":[{\"duration\":12,\"tweenEasing\":0},{\"duration\":0,\"rotate\":-12}]},{\"name\":\"upperarm_l\",\"rotateFrame\":[{\"duration\":5,\"tweenEasing\":0,\"rotate\":58.17},{\"duration\":7,\"tweenEasing\":0,\"rotate\":124.17},{\"duration\":0,\"rotate\":30.17}]},{\"name\":\"upperarm_r\",\"rotateFrame\":[{\"duration\":5,\"tweenEasing\":0,\"rotate\":-69.59},{\"duration\":7,\"tweenEasing\":0,\"rotate\":46.41},{\"duration\":0,\"rotate\":-30.59}]},{\"name\":\"bone_ikTarget\",\"translateFrame\":[{\"duration\":5,\"tweenEasing\":0,\"x\":9.34,\"y\":1.36},{\"duration\":7,\"tweenEasing\":0,\"x\":-49.72,\"y\":-146.63},{\"duration\":0,\"x\":-42.06,\"y\":7.58}]},{\"name\":\"bone_ikTarget1\",\"translateFrame\":[{\"duration\":5,\"tweenEasing\":0,\"x\":-19.77,\"y\":-0.86},{\"duration\":7,\"tweenEasing\":0,\"x\":-3.33,\"y\":-129.7},{\"duration\":0,\"x\":13.92,\"y\":-2.01}]}],\"slot\":[{\"name\":\"m3_fx1\",\"displayFrame\":[{\"duration\":12,\"value\":-1}]}]}],\"defaultActions\":[{\"gotoAndPlay\":\"Run\"}]}]}"
}