{"test/LoadScene":{"type":"Scene","props":{"width":750,"runtime":"view/LoadUI.ts","height":1624},"compId":2,"child":[{"type":"Sprite","props":{"y":811,"x":0,"var":"bg","texture":"load/bg.jpg","pivotY":812,"height":1624},"compId":3},{"type":"Box","props":{"y":812,"x":0,"var":"loginView","right":0,"left":0,"height":1334,"anchorY":0.5},"compId":4,"child":[{"type":"Sprite","props":{"y":1100,"x":126,"texture":"load/bg-loading.png"},"compId":5,"child":[{"type":"Image","props":{"y":0,"x":0,"width":498,"var":"loginprogress","skin":"load/pic-loading.png","sizeGrid":"0,0,0,0,1","scaleY":1,"scaleX":1},"compId":6}]},{"type":"Sprite","props":{"y":1200,"x":44,"texture":"load/txt-jkzg.png"},"compId":7},{"type":"Sprite","props":{"y":0,"x":92,"texture":"load/logo.png"},"compId":8}]},{"type":"Script","props":{"runtime":"view/LoadUI.ts"},"compId":9}],"loadList":["load/bg.jpg","load/bg-loading.png","load/pic-loading.png","load/txt-jkzg.png","load/logo.png"],"loadList3D":[]}}