{
  "__type__": "dragonBones.DragonBonesAsset",
  "_name": "player_knife_ske",
  "_objFlags": 0,
  "_native": "",
  "_dragonBonesJson": "{\"frameRate\":24,\"name\":\"player_knife\",\"version\":\"5.5\",\"compatibleVersion\":\"5.5\",\"armature\":[{\"type\":\"Armature\",\"frameRate\":24,\"name\":\"Armature\",\"aabb\":{\"x\":-416.88,\"y\":-272.05,\"width\":833,\"height\":484},\"bone\":[{\"name\":\"root\"},{\"name\":\"p_centre\",\"parent\":\"root\",\"transform\":{\"y\":-63.9107}},{\"name\":\"bone_ikTarget1\",\"parent\":\"root\",\"transform\":{\"x\":22.3324,\"y\":-4.5606}},{\"name\":\"bone_ikTarget\",\"parent\":\"root\",\"transform\":{\"x\":-30.7176,\"y\":-4.3492}},{\"name\":\"AttackEffect3\",\"parent\":\"root\",\"transform\":{\"x\":38,\"y\":-48}},{\"name\":\"SkillEffect2_1\",\"parent\":\"root\",\"transform\":{\"x\":-75,\"y\":-122}},{\"name\":\"fx3_1\",\"parent\":\"root\",\"transform\":{\"x\":-0.3842,\"y\":-66.1119}},{\"name\":\"AttackEffect2\",\"parent\":\"root\",\"transform\":{\"x\":96,\"y\":-423}},{\"name\":\"SkillEffect1\",\"parent\":\"root\",\"transform\":{\"x\":-50,\"y\":-74.9966}},{\"name\":\"AttackEffect1\",\"parent\":\"root\",\"transform\":{\"x\":328,\"y\":-9}},{\"name\":\"SkillEffect2_2\",\"parent\":\"root\",\"transform\":{\"x\":-50,\"y\":-74.9966}},{\"length\":36,\"name\":\"p_thigh_l\",\"parent\":\"p_centre\",\"transform\":{\"x\":-0.7852,\"y\":-2.1434,\"skX\":63.1883,\"skY\":63.1883}},{\"length\":36,\"name\":\"p_thigh_r\",\"parent\":\"p_centre\",\"transform\":{\"x\":-0.6327,\"y\":-2.1292,\"skX\":117.0521,\"skY\":117.0521}},{\"length\":33,\"name\":\"p_spine\",\"parent\":\"p_centre\",\"transform\":{\"x\":-0.65,\"y\":-0.6393,\"skX\":-90,\"skY\":-90}},{\"length\":30,\"name\":\"p_spine1\",\"parent\":\"p_spine\",\"transform\":{\"x\":33.3,\"skX\":-0.2502,\"skY\":-0.2502}},{\"length\":33,\"name\":\"p_calf_r\",\"parent\":\"p_thigh_r\",\"transform\":{\"x\":36.8294,\"skX\":5.9365,\"skY\":5.9365}},{\"length\":33,\"name\":\"p_calf_l\",\"parent\":\"p_thigh_l\",\"transform\":{\"x\":36.3588,\"skX\":16.7199,\"skY\":16.7199}},{\"length\":25,\"name\":\"p_upperarm_r\",\"parent\":\"p_spine1\",\"transform\":{\"x\":20.6633,\"y\":-3.0098,\"skX\":-135.6096,\"skY\":-135.6096}},{\"length\":25,\"name\":\"p_upperarm_l\",\"parent\":\"p_spine1\",\"transform\":{\"x\":23.3504,\"y\":-0.048,\"skX\":151.4047,\"skY\":151.4047}},{\"length\":51,\"name\":\"p_head\",\"parent\":\"p_spine1\",\"transform\":{\"x\":31.3495,\"y\":0.1832,\"skX\":-21.4158,\"skY\":-21.4158}},{\"length\":30,\"name\":\"p_forearm_r\",\"parent\":\"p_upperarm_r\",\"transform\":{\"x\":25.4235,\"y\":-0.0074,\"skX\":-14.4423,\"skY\":-14.4423}},{\"length\":29,\"name\":\"p_forearm_l\",\"parent\":\"p_upperarm_l\",\"transform\":{\"x\":25.2876,\"skX\":-0.3865,\"skY\":-0.3865}},{\"length\":215,\"name\":\"arms\",\"parent\":\"p_forearm_r\",\"transform\":{\"x\":23.2376,\"y\":0.3909,\"skX\":-106,\"skY\":-106}}],\"slot\":[{\"name\":\"p_upperarm_l\",\"parent\":\"p_upperarm_l\"},{\"name\":\"p_forearm_l\",\"parent\":\"p_forearm_l\"},{\"name\":\"p_thigh_l\",\"parent\":\"p_thigh_l\"},{\"name\":\"p_calf_l\",\"parent\":\"p_calf_l\"},{\"name\":\"p_spine\",\"parent\":\"p_spine1\"},{\"name\":\"p_thigh_r\",\"parent\":\"p_thigh_r\"},{\"name\":\"p_calf_r\",\"parent\":\"p_calf_r\"},{\"name\":\"p_head\",\"parent\":\"p_head\"},{\"name\":\"arms\",\"parent\":\"arms\"},{\"name\":\"p_upperarm_r\",\"parent\":\"p_upperarm_r\"},{\"name\":\"p_forearm_r\",\"parent\":\"p_forearm_r\"},{\"name\":\"fx3_1\",\"parent\":\"fx3_1\"}],\"ik\":[{\"chain\":1,\"name\":\"bone_ik1\",\"bone\":\"p_calf_l\",\"target\":\"bone_ikTarget1\"},{\"chain\":1,\"name\":\"bone_ik\",\"bone\":\"p_calf_r\",\"target\":\"bone_ikTarget\"}],\"skin\":[{\"slot\":[{\"name\":\"p_spine\",\"display\":[{\"type\":\"mesh\",\"name\":\"player1/_spine\",\"width\":10,\"height\":76,\"vertices\":[-5.62,-133.3,4.38,-133.3,-5.62,-57.3,4.38,-57.3,-5.62,-97.1,4.38,-97.45,4.38,-100.85,-5.62,-100.65,-5.62,-92.8,4.38,-92.8],\"uvs\":[0,0,1,0,0,1,1,1,0,0.47625,1,0.47822,1,0.43286,0,0.42954,0,0.53283,1,0.53865],\"triangles\":[8,2,9,9,2,3,7,4,6,7,6,1,0,7,1,8,9,5,4,8,5,6,4,5],\"weights\":[1,14,1,1,14,1,1,13,1,1,13,1,2,13,0.505631,14,0.494369,2,13,0.501576,14,0.498424,2,13,0.26,14,0.74,2,13,0.417348,14,0.582652,2,13,0.75,14,0.25,2,13,0.667549,14,0.332451],\"slotPose\":[1,0,0,1,0,0],\"bonePose\":[13,0,-1,1,0,-0.65,-64.55,14,-0.004367,-0.99999,0.99999,-0.004367,-0.65,-97.85],\"edges\":[0,1,3,2,1,6,6,5,4,7,7,0,2,8,8,4,5,9,9,3],\"userEdges\":[]}]},{\"name\":\"p_forearm_l\",\"display\":[{\"name\":\"player1/_forearm_l\",\"transform\":{\"x\":13.86,\"y\":0.33,\"skX\":-60.77,\"skY\":-60.77}}]},{\"name\":\"p_calf_l\",\"display\":[{\"name\":\"player1/_calf_l\",\"transform\":{\"x\":16.01,\"y\":-0.03,\"skX\":-79.91,\"skY\":-79.91}}]},{\"name\":\"p_head\",\"display\":[{\"name\":\"player1/_head\",\"transform\":{\"x\":27.01,\"y\":-4.09,\"skX\":111.67,\"skY\":111.67}},{\"name\":\"player1/_head1\",\"transform\":{\"x\":27.01,\"y\":-4.09,\"skX\":111.67,\"skY\":111.67}},{\"name\":\"player1/_head2\",\"transform\":{\"x\":27.01,\"y\":-4.09,\"skX\":111.67,\"skY\":111.67}}]},{\"name\":\"p_forearm_r\",\"display\":[{\"name\":\"player1/_forearm_r\",\"transform\":{\"x\":13.25,\"y\":0.12,\"skX\":-119.7,\"skY\":-119.7}}]},{\"name\":\"arms\",\"display\":[{\"name\":\"knife1_1\",\"transform\":{\"x\":136.01,\"y\":18.53,\"skX\":90,\"skY\":90}},{\"name\":\"knife1_2\",\"transform\":{\"x\":136.01,\"y\":18.53,\"skX\":90,\"skY\":90}},{\"name\":\"knife1_3\",\"transform\":{\"x\":136.01,\"y\":18.53,\"skX\":90,\"skY\":90}},{\"name\":\"knife1_4\",\"transform\":{\"x\":136.01,\"y\":18.53,\"skX\":90,\"skY\":90}},{\"name\":\"knife1_5\",\"transform\":{\"x\":136.01,\"y\":18.53,\"skX\":90,\"skY\":90}},{\"name\":\"knife2_1\",\"transform\":{\"x\":136.01,\"y\":18.53,\"skX\":90,\"skY\":90}},{\"name\":\"knife2_2\",\"transform\":{\"x\":136.01,\"y\":18.53,\"skX\":90,\"skY\":90}},{\"name\":\"knife2_3\",\"transform\":{\"x\":136.01,\"y\":18.53,\"skX\":90,\"skY\":90}},{\"name\":\"knife2_4\",\"transform\":{\"x\":136.01,\"y\":18.53,\"skX\":90,\"skY\":90}},{\"name\":\"knife2_5\",\"transform\":{\"x\":136.01,\"y\":18.53,\"skX\":90,\"skY\":90}},{\"name\":\"knife3_1\",\"transform\":{\"x\":136.01,\"y\":18.53,\"skX\":90,\"skY\":90}},{\"name\":\"knife3_2\",\"transform\":{\"x\":136.01,\"y\":18.53,\"skX\":90,\"skY\":90}},{\"name\":\"knife3_3\",\"transform\":{\"x\":136.01,\"y\":18.53,\"skX\":90,\"skY\":90}},{\"name\":\"knife3_4\",\"transform\":{\"x\":136.01,\"y\":18.53,\"skX\":90,\"skY\":90}},{\"name\":\"knife3_5\",\"transform\":{\"x\":136.01,\"y\":18.53,\"skX\":90,\"skY\":90}},{\"name\":\"knife4_1\",\"transform\":{\"x\":126.54,\"y\":-20.35,\"skX\":90,\"skY\":90}},{\"name\":\"knife4_2\",\"transform\":{\"x\":126.54,\"y\":-20.35,\"skX\":90,\"skY\":90}},{\"name\":\"knife4_3\",\"transform\":{\"x\":126.54,\"y\":-20.35,\"skX\":90,\"skY\":90}},{\"name\":\"knife4_4\",\"transform\":{\"x\":126.54,\"y\":-20.35,\"skX\":90,\"skY\":90}},{\"name\":\"knife4_5\",\"transform\":{\"x\":126.54,\"y\":-20.35,\"skX\":90,\"skY\":90}},{\"name\":\"knife5_1\",\"transform\":{\"x\":136.01,\"y\":18.53,\"skX\":90,\"skY\":90}},{\"name\":\"knife5_2\",\"transform\":{\"x\":136.01,\"y\":18.53,\"skX\":90,\"skY\":90}},{\"name\":\"knife5_3\",\"transform\":{\"x\":136.01,\"y\":18.53,\"skX\":90,\"skY\":90}},{\"name\":\"knife5_4\",\"transform\":{\"x\":136.01,\"y\":18.53,\"skX\":90,\"skY\":90}},{\"name\":\"knife5_5\",\"transform\":{\"x\":136.01,\"y\":18.53,\"skX\":90,\"skY\":90}},{\"name\":\"knife6_1\",\"transform\":{\"x\":136.01,\"y\":18.53,\"skX\":90,\"skY\":90}},{\"name\":\"knife6_2\",\"transform\":{\"x\":136.01,\"y\":18.53,\"skX\":90,\"skY\":90}},{\"name\":\"knife6_3\",\"transform\":{\"x\":136.01,\"y\":18.53,\"skX\":90,\"skY\":90}},{\"name\":\"knife6_4\",\"transform\":{\"x\":136.01,\"y\":18.53,\"skX\":90,\"skY\":90}},{\"name\":\"knife6_5\",\"transform\":{\"x\":136.01,\"y\":18.53,\"skX\":90,\"skY\":90}},{\"name\":\"knife7_1\",\"transform\":{\"x\":136.01,\"y\":18.53,\"skX\":90,\"skY\":90}},{\"name\":\"knife7_2\",\"transform\":{\"x\":136.01,\"y\":18.53,\"skX\":90,\"skY\":90}},{\"name\":\"knife7_3\",\"transform\":{\"x\":136.01,\"y\":18.53,\"skX\":90,\"skY\":90}},{\"name\":\"knife7_4\",\"transform\":{\"x\":136.01,\"y\":18.53,\"skX\":90,\"skY\":90}},{\"name\":\"knife7_5\",\"transform\":{\"x\":136.01,\"y\":18.53,\"skX\":90,\"skY\":90}},{\"name\":\"knife8_1\",\"transform\":{\"x\":136.01,\"y\":18.53,\"skX\":90,\"skY\":90}},{\"name\":\"knife8_2\",\"transform\":{\"x\":136.01,\"y\":18.53,\"skX\":90,\"skY\":90}},{\"name\":\"knife8_3\",\"transform\":{\"x\":136.01,\"y\":18.53,\"skX\":90,\"skY\":90}},{\"name\":\"knife8_4\",\"transform\":{\"x\":136.01,\"y\":18.53,\"skX\":90,\"skY\":90}},{\"name\":\"knife8_5\",\"transform\":{\"x\":136.01,\"y\":18.53,\"skX\":90,\"skY\":90}},{\"name\":\"knife9_1\",\"transform\":{\"x\":136.01,\"y\":18.53,\"skX\":90,\"skY\":90}},{\"name\":\"knife9_2\",\"transform\":{\"x\":136.01,\"y\":18.53,\"skX\":90,\"skY\":90}},{\"name\":\"knife9_3\",\"transform\":{\"x\":136.01,\"y\":18.53,\"skX\":90,\"skY\":90}},{\"name\":\"knife9_4\",\"transform\":{\"x\":136.01,\"y\":18.53,\"skX\":90,\"skY\":90}},{\"name\":\"knife9_5\",\"transform\":{\"x\":136.01,\"y\":18.53,\"skX\":90,\"skY\":90}},{\"name\":\"knife10_1\",\"transform\":{\"x\":136.01,\"y\":18.53,\"skX\":90,\"skY\":90}},{\"name\":\"knife10_2\",\"transform\":{\"x\":136.01,\"y\":18.53,\"skX\":90,\"skY\":90}},{\"name\":\"knife10_3\",\"transform\":{\"x\":136.01,\"y\":18.53,\"skX\":90,\"skY\":90}},{\"name\":\"knife10_4\",\"transform\":{\"x\":136.01,\"y\":18.53,\"skX\":90,\"skY\":90}},{\"name\":\"knife10_5\",\"transform\":{\"x\":136.01,\"y\":18.53,\"skX\":90,\"skY\":90}}]},{\"name\":\"p_calf_r\",\"display\":[{\"name\":\"player1/_calf_r\",\"transform\":{\"x\":16.5,\"y\":-0.02,\"skX\":-122.99,\"skY\":-122.99}}]},{\"name\":\"fx3_1\",\"display\":[{\"name\":\"fx/fx3_1\",\"transform\":{\"y\":-3}},{\"name\":\"fx/fx3_2\"},{\"name\":\"fx/fx3_3\"},{\"name\":\"fx/fx3_4\"}]},{\"name\":\"p_thigh_r\",\"display\":[{\"name\":\"player1/_thigh_r\",\"transform\":{\"x\":18.57,\"y\":-0.25,\"skX\":-117.05,\"skY\":-117.05}}]},{\"name\":\"p_thigh_l\",\"display\":[{\"name\":\"player1/_thigh_l\",\"transform\":{\"x\":18.62,\"y\":0.19,\"skX\":-63.19,\"skY\":-63.19}}]},{\"name\":\"p_upperarm_l\",\"display\":[{\"name\":\"player1/_upperarm_l\",\"transform\":{\"x\":12.73,\"y\":0.53,\"skX\":-61.15,\"skY\":-61.15}}]},{\"name\":\"p_upperarm_r\",\"display\":[{\"name\":\"player1/_upperarm_r\",\"transform\":{\"x\":12.78,\"y\":-0.05,\"skX\":-134.14,\"skY\":-134.14}}]}]}],\"animation\":[{\"duration\":48,\"playTimes\":0,\"name\":\"Idle\",\"bone\":[{\"name\":\"p_centre\",\"translateFrame\":[{\"duration\":24,\"tweenEasing\":0},{\"duration\":24,\"tweenEasing\":0,\"y\":1.71},{\"duration\":0}]},{\"name\":\"p_spine\",\"rotateFrame\":[{\"duration\":24,\"tweenEasing\":0},{\"duration\":24,\"tweenEasing\":0,\"rotate\":2},{\"duration\":0}]},{\"name\":\"p_spine1\",\"rotateFrame\":[{\"duration\":24,\"tweenEasing\":0},{\"duration\":24,\"tweenEasing\":0,\"rotate\":3},{\"duration\":0}]},{\"name\":\"p_head\",\"translateFrame\":[{\"duration\":48,\"y\":0.97}],\"rotateFrame\":[{\"duration\":24,\"tweenEasing\":0},{\"duration\":24,\"tweenEasing\":0,\"rotate\":8},{\"duration\":0}]},{\"name\":\"p_upperarm_r\",\"rotateFrame\":[{\"duration\":24,\"tweenEasing\":0},{\"duration\":24,\"tweenEasing\":0,\"rotate\":-10},{\"duration\":0}]},{\"name\":\"p_forearm_r\",\"rotateFrame\":[{\"duration\":24,\"tweenEasing\":0},{\"duration\":24,\"tweenEasing\":0,\"rotate\":-8},{\"duration\":0}]},{\"name\":\"p_upperarm_l\",\"rotateFrame\":[{\"duration\":24,\"tweenEasing\":0},{\"duration\":24,\"tweenEasing\":0,\"rotate\":9},{\"duration\":0}]},{\"name\":\"p_forearm_l\",\"rotateFrame\":[{\"duration\":48,\"rotate\":-9}]},{\"name\":\"bone_ikTarget\",\"translateFrame\":[{\"duration\":48,\"x\":2.34}]}],\"slot\":[{\"name\":\"fx3_1\",\"displayFrame\":[{\"duration\":48,\"value\":-1}]}]},{\"duration\":12,\"playTimes\":0,\"name\":\"Run\",\"bone\":[{\"name\":\"p_centre\",\"translateFrame\":[{\"duration\":3,\"tweenEasing\":0},{\"duration\":3,\"tweenEasing\":0,\"y\":-4.06},{\"duration\":3,\"tweenEasing\":0},{\"duration\":3,\"tweenEasing\":0,\"y\":-4.06},{\"duration\":0}]},{\"name\":\"p_spine\",\"rotateFrame\":[{\"duration\":3,\"tweenEasing\":0,\"rotate\":54},{\"duration\":3,\"tweenEasing\":0,\"rotate\":51},{\"duration\":3,\"tweenEasing\":0,\"rotate\":54},{\"duration\":3,\"tweenEasing\":0,\"rotate\":51},{\"duration\":0,\"rotate\":54}]},{\"name\":\"p_spine1\",\"rotateFrame\":[{\"duration\":3,\"tweenEasing\":0,\"rotate\":4},{\"duration\":3,\"tweenEasing\":0,\"rotate\":9},{\"duration\":3,\"tweenEasing\":0,\"rotate\":4},{\"duration\":3,\"tweenEasing\":0,\"rotate\":10.25},{\"duration\":0,\"rotate\":4}]},{\"name\":\"p_head\",\"rotateFrame\":[{\"duration\":3,\"tweenEasing\":0,\"rotate\":-28},{\"duration\":3,\"tweenEasing\":0,\"rotate\":-23},{\"duration\":3,\"tweenEasing\":0,\"rotate\":-28},{\"duration\":3,\"tweenEasing\":0,\"rotate\":-23},{\"duration\":0,\"rotate\":-28}]},{\"name\":\"p_forearm_r\",\"rotateFrame\":[{\"duration\":12,\"rotate\":8}]},{\"name\":\"p_upperarm_l\",\"rotateFrame\":[{\"duration\":12,\"rotate\":75}]},{\"name\":\"p_forearm_l\",\"rotateFrame\":[{\"duration\":12,\"rotate\":2}]},{\"name\":\"bone_ikTarget\",\"translateFrame\":[{\"tweenEasing\":0,\"x\":85.88,\"y\":-23.71},{\"tweenEasing\":0,\"x\":80.58,\"y\":-19.72},{\"tweenEasing\":0,\"x\":59.2,\"y\":-9.9},{\"tweenEasing\":0,\"x\":35.92,\"y\":1.75},{\"tweenEasing\":0,\"x\":2.48,\"y\":-0.71},{\"tweenEasing\":0,\"x\":-31.18,\"y\":-38.7},{\"tweenEasing\":0,\"x\":-32.67,\"y\":-52.56},{\"tweenEasing\":0,\"x\":-30.97,\"y\":-39.02},{\"tweenEasing\":0,\"x\":-2.79,\"y\":-29},{\"tweenEasing\":0,\"x\":9.11,\"y\":-25.88},{\"tweenEasing\":0,\"x\":36.05,\"y\":-11.48},{\"tweenEasing\":0,\"x\":58.28,\"y\":-11.16},{\"duration\":0,\"x\":85.88,\"y\":-23.71}]},{\"name\":\"bone_ikTarget1\",\"translateFrame\":[{\"tweenEasing\":0,\"x\":-85.2,\"y\":-52.64},{\"tweenEasing\":0,\"x\":-84.01,\"y\":-44.88},{\"tweenEasing\":0,\"x\":-76.52,\"y\":-33.63},{\"tweenEasing\":0,\"x\":-56.35,\"y\":-29.97},{\"tweenEasing\":0,\"x\":-20.73,\"y\":-6.61},{\"tweenEasing\":0,\"x\":15.4,\"y\":-9.71},{\"tweenEasing\":0,\"x\":32.42,\"y\":-23.06},{\"tweenEasing\":0,\"x\":16.41,\"y\":-10.97},{\"tweenEasing\":0,\"x\":-17.01,\"y\":0.64},{\"tweenEasing\":0,\"x\":-45.51,\"y\":-0.3},{\"tweenEasing\":0,\"x\":-46.76,\"y\":0.95},{\"tweenEasing\":0,\"x\":-79.33,\"y\":-39.75},{\"duration\":0,\"x\":-85.2,\"y\":-52.64}]},{\"name\":\"arms\",\"rotateFrame\":[{\"duration\":12,\"rotate\":96}]}],\"slot\":[{\"name\":\"p_head\",\"displayFrame\":[{\"duration\":12,\"value\":1}]},{\"name\":\"fx3_1\",\"displayFrame\":[{\"duration\":12,\"value\":-1}]}]},{\"duration\":6,\"playTimes\":0,\"name\":\"Hurt\",\"bone\":[{\"name\":\"p_centre\",\"translateFrame\":[{\"duration\":3,\"tweenEasing\":0},{\"duration\":3,\"tweenEasing\":0,\"x\":-4.8,\"y\":2.13},{\"duration\":0}]},{\"name\":\"p_spine\",\"rotateFrame\":[{\"duration\":3,\"tweenEasing\":0},{\"duration\":3,\"tweenEasing\":0,\"rotate\":-5.22},{\"duration\":0}]},{\"name\":\"p_spine1\",\"rotateFrame\":[{\"duration\":3,\"tweenEasing\":0},{\"duration\":3,\"tweenEasing\":0,\"rotate\":-8},{\"duration\":0}]},{\"name\":\"p_head\",\"translateFrame\":[{\"duration\":6,\"y\":0.97}]},{\"name\":\"p_upperarm_r\",\"rotateFrame\":[{\"duration\":3,\"tweenEasing\":0},{\"duration\":3,\"tweenEasing\":0,\"rotate\":-8},{\"duration\":0}]},{\"name\":\"p_forearm_r\",\"rotateFrame\":[{\"duration\":3,\"tweenEasing\":0},{\"duration\":3,\"tweenEasing\":0,\"rotate\":7},{\"duration\":0}]},{\"name\":\"p_forearm_l\",\"rotateFrame\":[{\"duration\":3,\"tweenEasing\":0,\"rotate\":-9},{\"duration\":3,\"tweenEasing\":0,\"rotate\":17},{\"duration\":0,\"rotate\":-9}]},{\"name\":\"bone_ikTarget\",\"translateFrame\":[{\"duration\":6,\"x\":2.34}]}],\"slot\":[{\"name\":\"fx3_1\",\"displayFrame\":[{\"duration\":6,\"value\":-1}]}]},{\"duration\":12,\"playTimes\":0,\"name\":\"Died\",\"bone\":[{\"name\":\"p_centre\",\"translateFrame\":[{\"duration\":3,\"tweenEasing\":0},{\"duration\":3,\"tweenEasing\":0,\"x\":-4.8,\"y\":2.13},{\"duration\":6,\"tweenEasing\":0,\"x\":-62.08,\"y\":55.86},{\"duration\":0,\"x\":-98.05,\"y\":59.34}]},{\"name\":\"p_spine\",\"translateFrame\":[{\"duration\":12},{\"duration\":0,\"x\":-3.1}],\"rotateFrame\":[{\"duration\":3,\"tweenEasing\":0},{\"duration\":3,\"tweenEasing\":0,\"rotate\":-5.22},{\"duration\":6,\"tweenEasing\":0,\"rotate\":-74.55},{\"duration\":0,\"rotate\":-87.22}]},{\"name\":\"p_spine1\",\"rotateFrame\":[{\"duration\":3,\"tweenEasing\":0},{\"duration\":9,\"rotate\":-8}]},{\"name\":\"p_head\",\"translateFrame\":[{\"duration\":3,\"tweenEasing\":0,\"y\":0.97},{\"duration\":9,\"tweenEasing\":0,\"y\":0.97},{\"duration\":0,\"x\":21.81,\"y\":2.21}],\"rotateFrame\":[{\"duration\":3,\"tweenEasing\":0},{\"duration\":3,\"tweenEasing\":0},{\"duration\":6,\"tweenEasing\":0,\"rotate\":-25},{\"duration\":0,\"rotate\":29.42}]},{\"name\":\"p_upperarm_r\",\"rotateFrame\":[{\"duration\":3,\"tweenEasing\":0},{\"duration\":9,\"tweenEasing\":0,\"rotate\":-8},{\"duration\":0,\"rotate\":-38}]},{\"name\":\"p_forearm_r\",\"rotateFrame\":[{\"duration\":3,\"tweenEasing\":0},{\"duration\":9,\"rotate\":7}]},{\"name\":\"p_upperarm_l\",\"rotateFrame\":[{\"duration\":12,\"tweenEasing\":0},{\"duration\":0,\"rotate\":28.6}]},{\"name\":\"p_forearm_l\",\"rotateFrame\":[{\"duration\":3,\"tweenEasing\":0,\"rotate\":-9},{\"duration\":9,\"tweenEasing\":0,\"rotate\":17},{\"duration\":0,\"rotate\":-18}]},{\"name\":\"bone_ikTarget\",\"translateFrame\":[{\"duration\":3,\"tweenEasing\":0,\"x\":2.34},{\"duration\":3,\"tweenEasing\":0,\"x\":21.83,\"y\":0.45},{\"duration\":6,\"tweenEasing\":0,\"x\":31.29,\"y\":-1.27},{\"duration\":0,\"x\":1.08,\"y\":-0.24}]},{\"name\":\"bone_ikTarget1\",\"translateFrame\":[{\"duration\":3,\"tweenEasing\":0},{\"duration\":3,\"tweenEasing\":0,\"x\":-2.89,\"y\":0.86},{\"duration\":6,\"tweenEasing\":0,\"x\":-15.79,\"y\":-0.46},{\"duration\":0,\"x\":-49.78,\"y\":0.72}]},{\"name\":\"arms\",\"translateFrame\":[{\"duration\":6,\"tweenEasing\":0,\"x\":0.35,\"y\":0.61},{\"duration\":6,\"tweenEasing\":0,\"x\":8.17,\"y\":-38.56},{\"duration\":0,\"x\":50.24,\"y\":-1.3}],\"rotateFrame\":[{\"duration\":6,\"tweenEasing\":0,\"rotate\":61},{\"duration\":6,\"tweenEasing\":0,\"rotate\":61},{\"duration\":0,\"rotate\":113}]}],\"slot\":[{\"name\":\"fx3_1\",\"displayFrame\":[{\"duration\":12,\"value\":-1}]}]},{\"duration\":4,\"playTimes\":0,\"name\":\"Attack1\",\"bone\":[{\"name\":\"p_centre\",\"translateFrame\":[{\"duration\":4,\"tweenEasing\":0},{\"duration\":0,\"x\":21.18,\"y\":16.77}]},{\"name\":\"p_spine\",\"rotateFrame\":[{\"duration\":2,\"tweenEasing\":0,\"rotate\":-20},{\"duration\":2,\"tweenEasing\":0,\"rotate\":10.5},{\"duration\":0,\"rotate\":71}]},{\"name\":\"p_spine1\",\"rotateFrame\":[{\"duration\":2,\"tweenEasing\":0,\"rotate\":-7},{\"duration\":2,\"tweenEasing\":0,\"rotate\":-10},{\"duration\":0,\"rotate\":13}]},{\"name\":\"p_head\",\"translateFrame\":[{\"duration\":4,\"y\":0.97}],\"rotateFrame\":[{\"duration\":4,\"tweenEasing\":0},{\"duration\":0,\"rotate\":32}]},{\"name\":\"p_upperarm_r\",\"rotateFrame\":[{\"duration\":4,\"tweenEasing\":0,\"rotate\":93},{\"duration\":0,\"rotate\":-124}]},{\"name\":\"p_forearm_r\",\"rotateFrame\":[{\"duration\":4,\"tweenEasing\":0,\"rotate\":28},{\"duration\":0,\"rotate\":-5.5}]},{\"name\":\"p_upperarm_l\",\"rotateFrame\":[{\"duration\":4,\"tweenEasing\":0,\"rotate\":169.6},{\"duration\":0,\"rotate\":-59.4}]},{\"name\":\"p_forearm_l\",\"rotateFrame\":[{\"duration\":4,\"tweenEasing\":0,\"rotate\":10},{\"duration\":0,\"rotate\":-18}]},{\"name\":\"bone_ikTarget\",\"translateFrame\":[{\"duration\":4,\"tweenEasing\":0,\"x\":2.34},{\"duration\":0,\"x\":-0.67}]},{\"name\":\"arms\",\"rotateFrame\":[{\"duration\":4,\"tweenEasing\":0,\"rotate\":28},{\"duration\":0,\"rotate\":33}]}],\"slot\":[{\"name\":\"p_head\",\"displayFrame\":[{\"duration\":4,\"value\":1}]},{\"name\":\"fx3_1\",\"displayFrame\":[{\"duration\":4,\"value\":-1}]}]},{\"duration\":4,\"playTimes\":0,\"name\":\"Attack2\",\"bone\":[{\"name\":\"p_centre\",\"translateFrame\":[{\"duration\":2,\"tweenEasing\":0,\"x\":-18.77,\"y\":9.82},{\"duration\":2,\"tweenEasing\":0,\"x\":11.82,\"y\":11.12},{\"duration\":0,\"x\":6.94,\"y\":4.03}]},{\"name\":\"p_spine\",\"rotateFrame\":[{\"duration\":4,\"tweenEasing\":0,\"rotate\":9},{\"duration\":0}]},{\"name\":\"p_spine1\",\"rotateFrame\":[{\"duration\":4,\"tweenEasing\":0,\"rotate\":3},{\"duration\":0,\"rotate\":-5}]},{\"name\":\"p_head\",\"translateFrame\":[{\"duration\":4,\"y\":0.97}],\"rotateFrame\":[{\"duration\":4,\"tweenEasing\":0,\"rotate\":6},{\"duration\":0,\"rotate\":-2}]},{\"name\":\"p_upperarm_r\",\"rotateFrame\":[{\"duration\":2,\"tweenEasing\":0,\"rotate\":23},{\"duration\":2,\"tweenEasing\":0,\"rotate\":-43.39},{\"duration\":0,\"rotate\":-178.39}]},{\"name\":\"p_forearm_r\",\"rotateFrame\":[{\"duration\":2,\"tweenEasing\":0,\"rotate\":36},{\"duration\":2,\"tweenEasing\":0,\"rotate\":35.25},{\"duration\":0,\"rotate\":-5.5}]},{\"name\":\"p_upperarm_l\",\"rotateFrame\":[{\"duration\":2,\"tweenEasing\":0,\"rotate\":116.6},{\"duration\":2,\"tweenEasing\":0,\"rotate\":46.6},{\"duration\":0,\"rotate\":-120.4}]},{\"name\":\"p_forearm_l\",\"rotateFrame\":[{\"duration\":2,\"tweenEasing\":0,\"rotate\":-18},{\"duration\":2,\"tweenEasing\":0,\"rotate\":-7},{\"duration\":0,\"rotate\":9}]},{\"name\":\"bone_ikTarget\",\"translateFrame\":[{\"duration\":4,\"x\":0.5}]},{\"name\":\"bone_ikTarget1\",\"translateFrame\":[{\"duration\":4,\"x\":3.07}]},{\"name\":\"arms\",\"rotateFrame\":[{\"duration\":4,\"tweenEasing\":0,\"rotate\":96},{\"duration\":0,\"rotate\":99}],\"scaleFrame\":[{\"duration\":4,\"y\":-1}]}],\"slot\":[{\"name\":\"p_head\",\"displayFrame\":[{\"duration\":4},{\"duration\":0,\"value\":1}]},{\"name\":\"fx3_1\",\"displayFrame\":[{\"duration\":4,\"value\":-1}]}],\"ik\":[{\"name\":\"bone_ik\",\"frame\":[{\"duration\":2,\"tweenEasing\":0,\"bendPositive\":false},{\"duration\":2,\"tweenEasing\":0},{\"duration\":0}]}]},{\"duration\":4,\"playTimes\":0,\"name\":\"Attack3\",\"bone\":[{\"name\":\"p_centre\",\"translateFrame\":[{\"duration\":2,\"tweenEasing\":0,\"x\":-4.97,\"y\":9.63},{\"duration\":2,\"tweenEasing\":0,\"x\":1.13,\"y\":14.6},{\"duration\":0,\"x\":5.13,\"y\":20.07}]},{\"name\":\"p_spine\",\"rotateFrame\":[{\"duration\":4,\"tweenEasing\":0,\"rotate\":-19},{\"duration\":0,\"rotate\":35}]},{\"name\":\"p_spine1\",\"rotateFrame\":[{\"duration\":4,\"tweenEasing\":0,\"rotate\":1},{\"duration\":0,\"rotate\":-9}]},{\"name\":\"p_head\",\"rotateFrame\":[{\"duration\":4,\"rotate\":20}]},{\"name\":\"p_upperarm_r\",\"rotateFrame\":[{\"duration\":2,\"tweenEasing\":0,\"rotate\":90.61},{\"duration\":2,\"tweenEasing\":0,\"rotate\":-144.39},{\"duration\":0,\"rotate\":1.61}]},{\"name\":\"p_forearm_r\",\"rotateFrame\":[{\"duration\":2,\"tweenEasing\":0,\"rotate\":35.5},{\"duration\":2,\"tweenEasing\":0,\"rotate\":8},{\"duration\":0,\"rotate\":28.5}]},{\"name\":\"p_upperarm_l\",\"rotateFrame\":[{\"duration\":2,\"tweenEasing\":0,\"rotate\":141.6},{\"duration\":2,\"tweenEasing\":0,\"rotate\":-68.4},{\"duration\":0,\"rotate\":74.6}]},{\"name\":\"p_forearm_l\",\"rotateFrame\":[{\"duration\":2,\"tweenEasing\":0,\"rotate\":51},{\"duration\":2,\"tweenEasing\":0,\"rotate\":-12},{\"duration\":0,\"rotate\":17}]},{\"name\":\"bone_ikTarget\",\"translateFrame\":[{\"duration\":2,\"tweenEasing\":0,\"x\":-15.13},{\"duration\":2,\"tweenEasing\":0,\"x\":-12.73},{\"duration\":0,\"x\":-19.57}]},{\"name\":\"bone_ikTarget1\",\"translateFrame\":[{\"duration\":4,\"x\":14.64}]},{\"name\":\"arms\",\"rotateFrame\":[{\"duration\":4,\"rotate\":99}],\"scaleFrame\":[{\"duration\":2,\"tweenEasing\":0},{\"duration\":2,\"tweenEasing\":0,\"x\":0.8},{\"duration\":0}]}],\"slot\":[{\"name\":\"fx3_1\",\"displayFrame\":[{\"duration\":4,\"value\":-1}]}],\"ik\":[{\"name\":\"bone_ik\",\"frame\":[{\"duration\":4}]}]},{\"duration\":9,\"playTimes\":0,\"name\":\"Skill1\",\"frame\":[{\"duration\":4},{\"duration\":0}],\"bone\":[{\"name\":\"p_centre\",\"translateFrame\":[{\"duration\":2,\"tweenEasing\":0,\"x\":-7.71,\"y\":6.47},{\"duration\":2,\"tweenEasing\":0,\"x\":4.53,\"y\":-0.42},{\"tweenEasing\":0,\"x\":5.13,\"y\":20.07},{\"duration\":2,\"tweenEasing\":0,\"x\":-7.71,\"y\":6.47},{\"duration\":2,\"tweenEasing\":0,\"x\":4.53,\"y\":-0.42},{\"duration\":0,\"x\":5.13,\"y\":20.07}]},{\"name\":\"p_spine\",\"rotateFrame\":[{\"duration\":2,\"tweenEasing\":0,\"rotate\":-7},{\"duration\":2,\"tweenEasing\":0},{\"tweenEasing\":0,\"rotate\":35},{\"duration\":2,\"tweenEasing\":0,\"rotate\":-7},{\"duration\":2,\"tweenEasing\":0},{\"duration\":0,\"rotate\":35}]},{\"name\":\"p_spine1\",\"rotateFrame\":[{\"duration\":2,\"tweenEasing\":0,\"rotate\":-2},{\"duration\":2,\"tweenEasing\":0},{\"tweenEasing\":0,\"rotate\":-9},{\"duration\":2,\"tweenEasing\":0,\"rotate\":-2},{\"duration\":2,\"tweenEasing\":0},{\"duration\":0,\"rotate\":-9}]},{\"name\":\"p_head\",\"translateFrame\":[{\"duration\":9,\"y\":0.97}],\"rotateFrame\":[{\"duration\":2,\"tweenEasing\":0,\"rotate\":6},{\"duration\":2,\"tweenEasing\":0,\"rotate\":-2},{\"tweenEasing\":0,\"rotate\":24},{\"duration\":2,\"tweenEasing\":0,\"rotate\":6},{\"duration\":2,\"tweenEasing\":0,\"rotate\":-2},{\"duration\":0,\"rotate\":24}]},{\"name\":\"p_upperarm_r\",\"rotateFrame\":[{\"tweenEasing\":0,\"rotate\":-132.39},{\"tweenEasing\":0,\"rotate\":-177.39},{\"tweenEasing\":0,\"rotate\":-120.39},{\"tweenEasing\":0,\"rotate\":-20.39},{\"tweenEasing\":0,\"rotate\":1.61},{\"tweenEasing\":0,\"rotate\":-132.39},{\"tweenEasing\":0,\"rotate\":-177.39},{\"tweenEasing\":0,\"rotate\":-120.39},{\"tweenEasing\":0,\"rotate\":-20.39},{\"duration\":0,\"rotate\":1.61}]},{\"name\":\"p_forearm_r\",\"rotateFrame\":[{\"tweenEasing\":0,\"rotate\":-155.56},{\"tweenEasing\":0,\"rotate\":-32.53},{\"tweenEasing\":0,\"rotate\":-7.5},{\"tweenEasing\":0,\"rotate\":21.5},{\"tweenEasing\":0,\"rotate\":28.5},{\"tweenEasing\":0,\"rotate\":-155.56},{\"tweenEasing\":0,\"rotate\":-32.53},{\"tweenEasing\":0,\"rotate\":-7.5},{\"tweenEasing\":0,\"rotate\":21.5},{\"duration\":0,\"rotate\":28.5}]},{\"name\":\"p_upperarm_l\",\"rotateFrame\":[{\"tweenEasing\":0,\"rotate\":51.6},{\"tweenEasing\":0,\"rotate\":-117.4},{\"tweenEasing\":0,\"rotate\":-56.4},{\"tweenEasing\":0,\"rotate\":-19.4},{\"tweenEasing\":0,\"rotate\":74.6},{\"tweenEasing\":0,\"rotate\":51.6},{\"tweenEasing\":0,\"rotate\":-117.4},{\"tweenEasing\":0,\"rotate\":-56.4},{\"tweenEasing\":0,\"rotate\":-19.4},{\"duration\":0,\"rotate\":74.6}]},{\"name\":\"p_forearm_l\",\"rotateFrame\":[{\"tweenEasing\":0,\"rotate\":137},{\"tweenEasing\":0,\"rotate\":-31.5},{\"tweenEasing\":0,\"rotate\":-4},{\"tweenEasing\":0,\"rotate\":-18.5},{\"tweenEasing\":0,\"rotate\":17},{\"tweenEasing\":0,\"rotate\":137},{\"tweenEasing\":0,\"rotate\":-31.5},{\"tweenEasing\":0,\"rotate\":-4},{\"tweenEasing\":0,\"rotate\":11.5},{\"duration\":0,\"rotate\":17}]},{\"name\":\"bone_ikTarget\",\"translateFrame\":[{\"duration\":2,\"tweenEasing\":0,\"x\":-4.03},{\"duration\":2,\"tweenEasing\":0,\"x\":5.54},{\"tweenEasing\":0,\"x\":-19.57},{\"duration\":2,\"tweenEasing\":0,\"x\":-4.03},{\"duration\":2,\"tweenEasing\":0,\"x\":5.54},{\"duration\":0,\"x\":-19.57}]},{\"name\":\"bone_ikTarget1\",\"translateFrame\":[{\"duration\":9,\"x\":3.07}]},{\"name\":\"arms\",\"rotateFrame\":[{\"duration\":2,\"tweenEasing\":0,\"rotate\":96},{\"duration\":2,\"tweenEasing\":0,\"rotate\":116},{\"tweenEasing\":0,\"rotate\":106},{\"duration\":2,\"tweenEasing\":0,\"rotate\":96},{\"duration\":2,\"tweenEasing\":0,\"rotate\":116},{\"duration\":0,\"rotate\":106}],\"scaleFrame\":[{\"tweenEasing\":0},{\"tweenEasing\":0,\"x\":0.2},{\"tweenEasing\":0},{\"tweenEasing\":0,\"x\":0.5},{\"tweenEasing\":0},{\"tweenEasing\":0},{\"tweenEasing\":0,\"x\":0.2},{\"tweenEasing\":0},{\"tweenEasing\":0,\"x\":0.5},{\"duration\":0}]}],\"slot\":[{\"name\":\"p_head\",\"displayFrame\":[{\"value\":2},{\"duration\":3,\"value\":1},{},{\"value\":2},{\"duration\":3,\"value\":1},{\"duration\":0}]},{\"name\":\"fx3_1\",\"displayFrame\":[{\"duration\":9,\"value\":-1}]}],\"ik\":[{\"name\":\"bone_ik\",\"frame\":[{\"duration\":2,\"tweenEasing\":0},{\"duration\":3,\"tweenEasing\":0},{\"duration\":2,\"tweenEasing\":0},{\"duration\":2}]}]},{\"duration\":8,\"playTimes\":0,\"name\":\"Skill2\",\"bone\":[{\"name\":\"p_centre\",\"translateFrame\":[{\"duration\":2,\"tweenEasing\":0,\"x\":-7.71,\"y\":6.47},{\"duration\":2,\"tweenEasing\":0,\"x\":4.53,\"y\":-0.42},{\"duration\":2,\"tweenEasing\":0,\"x\":14.9,\"y\":8.9},{\"duration\":2,\"tweenEasing\":0,\"x\":14.9,\"y\":13.09},{\"duration\":0,\"x\":14.38,\"y\":8.38}]},{\"name\":\"p_spine\",\"rotateFrame\":[{\"duration\":2,\"tweenEasing\":0,\"rotate\":-7},{\"duration\":2,\"tweenEasing\":0},{\"duration\":4,\"rotate\":15}]},{\"name\":\"p_spine1\",\"rotateFrame\":[{\"duration\":2,\"tweenEasing\":0,\"rotate\":-2},{\"duration\":6}]},{\"name\":\"p_head\",\"translateFrame\":[{\"duration\":8,\"y\":0.97}],\"rotateFrame\":[{\"duration\":2,\"tweenEasing\":0,\"rotate\":6},{\"duration\":2,\"tweenEasing\":0,\"rotate\":-2},{\"duration\":4,\"rotate\":24}]},{\"name\":\"p_upperarm_r\",\"rotateFrame\":[{\"tweenEasing\":0,\"rotate\":-132.39},{\"tweenEasing\":0,\"rotate\":-177.39},{\"tweenEasing\":0,\"rotate\":-120.39},{\"tweenEasing\":0,\"rotate\":-20.39},{\"duration\":2,\"tweenEasing\":0,\"rotate\":44.61},{\"duration\":2,\"tweenEasing\":0,\"rotate\":-55.39},{\"duration\":0,\"rotate\":-155.39}]},{\"name\":\"p_forearm_r\",\"rotateFrame\":[{\"tweenEasing\":0,\"rotate\":-155.56},{\"tweenEasing\":0,\"rotate\":-32.53},{\"tweenEasing\":0,\"rotate\":-7.5},{\"tweenEasing\":0,\"rotate\":21.5},{\"duration\":4,\"tweenEasing\":0,\"rotate\":2.5},{\"duration\":0,\"rotate\":-11.5}]},{\"name\":\"p_upperarm_l\",\"rotateFrame\":[{\"tweenEasing\":0,\"rotate\":51.6},{\"tweenEasing\":0,\"rotate\":-117.4},{\"tweenEasing\":0,\"rotate\":-56.4},{\"tweenEasing\":0,\"rotate\":-19.4},{\"tweenEasing\":0,\"rotate\":-32.4},{\"tweenEasing\":0,\"rotate\":37.6},{\"duration\":2,\"tweenEasing\":0,\"rotate\":12.1},{\"duration\":0,\"rotate\":-97.4}]},{\"name\":\"p_forearm_l\",\"rotateFrame\":[{\"tweenEasing\":0,\"rotate\":137},{\"tweenEasing\":0,\"rotate\":-31.5},{\"tweenEasing\":0,\"rotate\":-4},{\"tweenEasing\":0,\"rotate\":-18.5},{\"duration\":2,\"tweenEasing\":0,\"rotate\":99},{\"duration\":2,\"tweenEasing\":0,\"rotate\":-7},{\"duration\":0,\"rotate\":3}]},{\"name\":\"bone_ikTarget\",\"translateFrame\":[{\"duration\":2,\"tweenEasing\":0,\"x\":-4.03},{\"duration\":2,\"tweenEasing\":0,\"x\":5.54},{\"duration\":4,\"x\":0.42}]},{\"name\":\"bone_ikTarget1\",\"translateFrame\":[{\"duration\":8,\"x\":3.07}]},{\"name\":\"arms\",\"rotateFrame\":[{\"duration\":2,\"tweenEasing\":0,\"rotate\":96},{\"duration\":2,\"tweenEasing\":0,\"rotate\":116},{\"duration\":4,\"rotate\":106}],\"scaleFrame\":[{\"tweenEasing\":0},{\"duration\":2,\"tweenEasing\":0,\"x\":0.65},{\"tweenEasing\":0},{\"duration\":2,\"tweenEasing\":0,\"y\":-1},{\"duration\":2,\"tweenEasing\":0,\"x\":0.6,\"y\":-1},{\"duration\":0,\"y\":-1}]}],\"slot\":[{\"name\":\"p_head\",\"displayFrame\":[{\"value\":2},{\"duration\":3,\"value\":1},{\"duration\":3},{\"value\":1},{\"duration\":0,\"value\":2}]},{\"name\":\"fx3_1\",\"displayFrame\":[{\"duration\":8,\"value\":-1}]}],\"ik\":[{\"name\":\"bone_ik\",\"frame\":[{\"duration\":2,\"tweenEasing\":0},{\"duration\":6}]}]},{\"duration\":9,\"playTimes\":0,\"name\":\"Flash\",\"bone\":[{\"name\":\"p_centre\",\"translateFrame\":[{\"duration\":9,\"y\":-5.05}]},{\"name\":\"p_spine\",\"rotateFrame\":[{\"duration\":9,\"rotate\":11}]},{\"name\":\"p_head\",\"translateFrame\":[{\"duration\":9,\"y\":0.97}],\"rotateFrame\":[{\"duration\":9,\"rotate\":8}]},{\"name\":\"p_upperarm_r\",\"rotateFrame\":[{\"duration\":9,\"rotate\":-86.39}]},{\"name\":\"p_forearm_r\",\"rotateFrame\":[{\"duration\":9,\"rotate\":-11}]},{\"name\":\"p_upperarm_l\",\"rotateFrame\":[{\"duration\":9,\"rotate\":-17}]},{\"name\":\"p_forearm_l\",\"rotateFrame\":[{\"duration\":9,\"rotate\":-9}]},{\"name\":\"bone_ikTarget\",\"translateFrame\":[{\"duration\":9,\"x\":18.09}]},{\"name\":\"bone_ikTarget1\",\"translateFrame\":[{\"duration\":9,\"x\":-36,\"y\":-15.97}]},{\"name\":\"fx3_1\",\"scaleFrame\":[{\"duration\":3},{\"tweenEasing\":0},{\"tweenEasing\":0,\"y\":0.8},{\"tweenEasing\":0,\"y\":0.6},{\"tweenEasing\":0,\"y\":0.4},{\"tweenEasing\":0,\"y\":0.2},{\"y\":0.05}]}],\"slot\":[{\"name\":\"p_head\",\"displayFrame\":[{\"duration\":9,\"value\":1}]},{\"name\":\"fx3_1\",\"displayFrame\":[{\"value\":-1},{\"value\":1},{\"value\":2},{\"duration\":6,\"value\":3}],\"colorFrame\":[{\"duration\":9},{\"duration\":0,\"value\":{\"aM\":0}}]}]}],\"defaultActions\":[{\"gotoAndPlay\":\"Idle\"}]}]}"
}