{
  "__type__": "cc.LabelAtlas",
  "_name": "Shop2",
  "_objFlags": 0,
  "_native": "",
  "fntDataStr": "",
  "spriteFrame": {
    "__uuid__": "d5932b10-83e1-4588-addc-aa1493d0cea7@f9941",
    "__expectedType__": "cc.SpriteFrame"
  },
  "fontSize": 29.92,
  "fntConfig": {
    "commonHeight": 34,
    "fontSize": 29,
    "atlasName": "ggsc_sz_2",
    "fontDefDictionary": {
      "48": {
        "rect": {
          "x": 0,
          "y": 0,
          "width": 30,
          "height": 34
        },
        "xOffset": 0,
        "yOffset": 0,
        "xAdvance": 30
      },
      "49": {
        "rect": {
          "x": 30,
          "y": 0,
          "width": 30,
          "height": 34
        },
        "xOffset": 0,
        "yOffset": 0,
        "xAdvance": 30
      },
      "50": {
        "rect": {
          "x": 60,
          "y": 0,
          "width": 30,
          "height": 34
        },
        "xOffset": 0,
        "yOffset": 0,
        "xAdvance": 30
      },
      "51": {
        "rect": {
          "x": 90,
          "y": 0,
          "width": 30,
          "height": 34
        },
        "xOffset": 0,
        "yOffset": 0,
        "xAdvance": 30
      },
      "52": {
        "rect": {
          "x": 120,
          "y": 0,
          "width": 30,
          "height": 34
        },
        "xOffset": 0,
        "yOffset": 0,
        "xAdvance": 30
      },
      "53": {
        "rect": {
          "x": 150,
          "y": 0,
          "width": 30,
          "height": 34
        },
        "xOffset": 0,
        "yOffset": 0,
        "xAdvance": 30
      },
      "54": {
        "rect": {
          "x": 180,
          "y": 0,
          "width": 30,
          "height": 34
        },
        "xOffset": 0,
        "yOffset": 0,
        "xAdvance": 30
      },
      "55": {
        "rect": {
          "x": 210,
          "y": 0,
          "width": 30,
          "height": 34
        },
        "xOffset": 0,
        "yOffset": 0,
        "xAdvance": 30
      },
      "56": {
        "rect": {
          "x": 240,
          "y": 0,
          "width": 30,
          "height": 34
        },
        "xOffset": 0,
        "yOffset": 0,
        "xAdvance": 30
      },
      "57": {
        "rect": {
          "x": 270,
          "y": 0,
          "width": 30,
          "height": 34
        },
        "xOffset": 0,
        "yOffset": 0,
        "xAdvance": 30
      },
      "58": {
        "rect": {
          "x": 300,
          "y": 0,
          "width": 30,
          "height": 34
        },
        "xOffset": 0,
        "yOffset": 0,
        "xAdvance": 30
      },
      "59": {
        "rect": {
          "x": 330,
          "y": 0,
          "width": 30,
          "height": 34
        },
        "xOffset": 0,
        "yOffset": 0,
        "xAdvance": 30
      },
      "60": {
        "rect": {
          "x": 360,
          "y": 0,
          "width": 30,
          "height": 34
        },
        "xOffset": 0,
        "yOffset": 0,
        "xAdvance": 30
      },
      "61": {
        "rect": {
          "x": 390,
          "y": 0,
          "width": 30,
          "height": 34
        },
        "xOffset": 0,
        "yOffset": 0,
        "xAdvance": 30
      }
    },
    "kerningDict": {}
  }
}