{
  "__type__": "dragonBones.DragonBonesAtlasAsset",
  "_name": "player_knife_Effect1_tex",
  "_objFlags": 0,
  "_native": "",
  "_atlasJson": "{\"width\":1024,\"imagePath\":\"player_knife_Effect1_tex.png\",\"SubTexture\":[{\"frameWidth\":418,\"y\":528,\"frameHeight\":335,\"width\":130,\"frameX\":-241,\"height\":187,\"name\":\"fx/fx1_11\",\"frameY\":-123,\"x\":857},{\"frameWidth\":418,\"y\":591,\"frameHeight\":335,\"width\":304,\"frameX\":-91,\"height\":283,\"name\":\"fx/fx1_6\",\"frameY\":-33,\"x\":337},{\"frameWidth\":418,\"y\":1,\"frameHeight\":335,\"width\":365,\"frameX\":-31,\"height\":295,\"name\":\"fx/fx1_2\",\"frameY\":-25,\"x\":373},{\"frameWidth\":418,\"y\":589,\"frameHeight\":335,\"width\":334,\"frameX\":-61,\"height\":284,\"name\":\"fx/fx1_5\",\"frameY\":-32,\"x\":1},{\"frameWidth\":418,\"y\":591,\"frameHeight\":335,\"width\":212,\"frameX\":-182,\"height\":266,\"name\":\"fx/fx1_8\",\"frameY\":-51,\"x\":643},{\"frameWidth\":418,\"y\":859,\"frameHeight\":335,\"width\":168,\"frameX\":-225,\"height\":252,\"name\":\"fx/fx1_9\",\"frameY\":-65,\"x\":735},{\"frameWidth\":418,\"y\":1,\"frameHeight\":335,\"width\":370,\"frameX\":-26,\"height\":298,\"name\":\"fx/fx1_1\",\"frameY\":-24,\"x\":1},{\"frameWidth\":418,\"y\":298,\"frameHeight\":335,\"width\":348,\"frameX\":-48,\"height\":291,\"name\":\"fx/fx1_3\",\"frameY\":-28,\"x\":373},{\"frameWidth\":418,\"y\":298,\"frameHeight\":335,\"width\":150,\"frameX\":-241,\"height\":228,\"name\":\"fx/fx1_10\",\"frameY\":-88,\"x\":723},{\"frameWidth\":418,\"y\":875,\"frameHeight\":335,\"width\":264,\"frameX\":-131,\"height\":278,\"name\":\"fx/fx1_7\",\"frameY\":-39,\"x\":1},{\"frameWidth\":418,\"y\":301,\"frameHeight\":335,\"width\":346,\"frameX\":-50,\"height\":286,\"name\":\"fx/fx1_4\",\"frameY\":-31,\"x\":1},{\"frameWidth\":418,\"y\":1339,\"frameHeight\":335,\"width\":116,\"frameX\":-241,\"height\":163,\"name\":\"fx/fx1_12\",\"frameY\":-144,\"x\":739},{\"frameWidth\":470,\"y\":1533,\"frameHeight\":191,\"width\":314,\"frameX\":0,\"height\":85,\"name\":\"fx/fx2_10\",\"frameY\":-86,\"x\":709},{\"frameWidth\":470,\"y\":1140,\"frameHeight\":191,\"width\":470,\"frameX\":0,\"height\":115,\"name\":\"fx/fx2_1\",\"frameY\":-25,\"x\":267},{\"frameWidth\":470,\"y\":1257,\"frameHeight\":191,\"width\":361,\"frameX\":-109,\"height\":145,\"name\":\"fx/fx2_6\",\"frameY\":-46,\"x\":1},{\"frameWidth\":470,\"y\":1563,\"frameHeight\":191,\"width\":218,\"frameX\":-5,\"height\":68,\"name\":\"fx/fx2_12\",\"frameY\":-81,\"x\":1},{\"frameWidth\":470,\"y\":1640,\"frameHeight\":191,\"width\":354,\"frameX\":-14,\"height\":105,\"name\":\"fx/fx2_9\",\"frameY\":-86,\"x\":1},{\"frameWidth\":470,\"y\":1257,\"frameHeight\":191,\"width\":345,\"frameX\":-125,\"height\":150,\"name\":\"fx/fx2_4\",\"frameY\":-27,\"x\":364},{\"frameWidth\":470,\"y\":876,\"frameHeight\":191,\"width\":426,\"frameX\":-44,\"height\":137,\"name\":\"fx/fx2_3\",\"frameY\":-26,\"x\":267},{\"frameWidth\":470,\"y\":1404,\"frameHeight\":191,\"width\":316,\"frameX\":-154,\"height\":157,\"name\":\"fx/fx2_5\",\"frameY\":-32,\"x\":1},{\"frameWidth\":470,\"y\":1257,\"frameHeight\":191,\"width\":273,\"frameX\":0,\"height\":80,\"name\":\"fx/fx2_11\",\"frameY\":-82,\"x\":711},{\"frameWidth\":470,\"y\":1533,\"frameHeight\":191,\"width\":388,\"frameX\":-38,\"height\":105,\"name\":\"fx/fx2_8\",\"frameY\":-86,\"x\":319},{\"frameWidth\":470,\"y\":1015,\"frameHeight\":191,\"width\":466,\"frameX\":-4,\"height\":123,\"name\":\"fx/fx2_2\",\"frameY\":-25,\"x\":267},{\"frameWidth\":470,\"y\":1409,\"frameHeight\":191,\"width\":398,\"frameX\":-69,\"height\":122,\"name\":\"fx/fx2_7\",\"frameY\":-69,\"x\":319}],\"height\":2048,\"name\":\"player_knife_Effect1\"}",
  "_texture": {
    "__uuid__": "5870287c-9890-44da-ae26-9210994ac86d@6c48a",
    "__expectedType__": "cc.Texture2D"
  },
  "_atlasJsonData": {
    "width": 1024,
    "imagePath": "player_knife_Effect1_tex.png",
    "SubTexture": [
      {
        "frameWidth": 418,
        "y": 528,
        "frameHeight": 335,
        "width": 130,
        "frameX": -241,
        "height": 187,
        "name": "fx/fx1_11",
        "frameY": -123,
        "x": 857
      },
      {
        "frameWidth": 418,
        "y": 591,
        "frameHeight": 335,
        "width": 304,
        "frameX": -91,
        "height": 283,
        "name": "fx/fx1_6",
        "frameY": -33,
        "x": 337
      },
      {
        "frameWidth": 418,
        "y": 1,
        "frameHeight": 335,
        "width": 365,
        "frameX": -31,
        "height": 295,
        "name": "fx/fx1_2",
        "frameY": -25,
        "x": 373
      },
      {
        "frameWidth": 418,
        "y": 589,
        "frameHeight": 335,
        "width": 334,
        "frameX": -61,
        "height": 284,
        "name": "fx/fx1_5",
        "frameY": -32,
        "x": 1
      },
      {
        "frameWidth": 418,
        "y": 591,
        "frameHeight": 335,
        "width": 212,
        "frameX": -182,
        "height": 266,
        "name": "fx/fx1_8",
        "frameY": -51,
        "x": 643
      },
      {
        "frameWidth": 418,
        "y": 859,
        "frameHeight": 335,
        "width": 168,
        "frameX": -225,
        "height": 252,
        "name": "fx/fx1_9",
        "frameY": -65,
        "x": 735
      },
      {
        "frameWidth": 418,
        "y": 1,
        "frameHeight": 335,
        "width": 370,
        "frameX": -26,
        "height": 298,
        "name": "fx/fx1_1",
        "frameY": -24,
        "x": 1
      },
      {
        "frameWidth": 418,
        "y": 298,
        "frameHeight": 335,
        "width": 348,
        "frameX": -48,
        "height": 291,
        "name": "fx/fx1_3",
        "frameY": -28,
        "x": 373
      },
      {
        "frameWidth": 418,
        "y": 298,
        "frameHeight": 335,
        "width": 150,
        "frameX": -241,
        "height": 228,
        "name": "fx/fx1_10",
        "frameY": -88,
        "x": 723
      },
      {
        "frameWidth": 418,
        "y": 875,
        "frameHeight": 335,
        "width": 264,
        "frameX": -131,
        "height": 278,
        "name": "fx/fx1_7",
        "frameY": -39,
        "x": 1
      },
      {
        "frameWidth": 418,
        "y": 301,
        "frameHeight": 335,
        "width": 346,
        "frameX": -50,
        "height": 286,
        "name": "fx/fx1_4",
        "frameY": -31,
        "x": 1
      },
      {
        "frameWidth": 418,
        "y": 1339,
        "frameHeight": 335,
        "width": 116,
        "frameX": -241,
        "height": 163,
        "name": "fx/fx1_12",
        "frameY": -144,
        "x": 739
      },
      {
        "frameWidth": 470,
        "y": 1533,
        "frameHeight": 191,
        "width": 314,
        "frameX": 0,
        "height": 85,
        "name": "fx/fx2_10",
        "frameY": -86,
        "x": 709
      },
      {
        "frameWidth": 470,
        "y": 1140,
        "frameHeight": 191,
        "width": 470,
        "frameX": 0,
        "height": 115,
        "name": "fx/fx2_1",
        "frameY": -25,
        "x": 267
      },
      {
        "frameWidth": 470,
        "y": 1257,
        "frameHeight": 191,
        "width": 361,
        "frameX": -109,
        "height": 145,
        "name": "fx/fx2_6",
        "frameY": -46,
        "x": 1
      },
      {
        "frameWidth": 470,
        "y": 1563,
        "frameHeight": 191,
        "width": 218,
        "frameX": -5,
        "height": 68,
        "name": "fx/fx2_12",
        "frameY": -81,
        "x": 1
      },
      {
        "frameWidth": 470,
        "y": 1640,
        "frameHeight": 191,
        "width": 354,
        "frameX": -14,
        "height": 105,
        "name": "fx/fx2_9",
        "frameY": -86,
        "x": 1
      },
      {
        "frameWidth": 470,
        "y": 1257,
        "frameHeight": 191,
        "width": 345,
        "frameX": -125,
        "height": 150,
        "name": "fx/fx2_4",
        "frameY": -27,
        "x": 364
      },
      {
        "frameWidth": 470,
        "y": 876,
        "frameHeight": 191,
        "width": 426,
        "frameX": -44,
        "height": 137,
        "name": "fx/fx2_3",
        "frameY": -26,
        "x": 267
      },
      {
        "frameWidth": 470,
        "y": 1404,
        "frameHeight": 191,
        "width": 316,
        "frameX": -154,
        "height": 157,
        "name": "fx/fx2_5",
        "frameY": -32,
        "x": 1
      },
      {
        "frameWidth": 470,
        "y": 1257,
        "frameHeight": 191,
        "width": 273,
        "frameX": 0,
        "height": 80,
        "name": "fx/fx2_11",
        "frameY": -82,
        "x": 711
      },
      {
        "frameWidth": 470,
        "y": 1533,
        "frameHeight": 191,
        "width": 388,
        "frameX": -38,
        "height": 105,
        "name": "fx/fx2_8",
        "frameY": -86,
        "x": 319
      },
      {
        "frameWidth": 470,
        "y": 1015,
        "frameHeight": 191,
        "width": 466,
        "frameX": -4,
        "height": 123,
        "name": "fx/fx2_2",
        "frameY": -25,
        "x": 267
      },
      {
        "frameWidth": 470,
        "y": 1409,
        "frameHeight": 191,
        "width": 398,
        "frameX": -69,
        "height": 122,
        "name": "fx/fx2_7",
        "frameY": -69,
        "x": 319
      }
    ],
    "height": 2048,
    "name": "player_knife_Effect1"
  },
  "_textureAtlasData": null
}