{
  "__type__": "dragonBones.DragonBonesAtlasAsset",
  "_name": "player_knife_tex",
  "_objFlags": 0,
  "_native": "",
  "_atlasJson": "{\"width\":2048,\"imagePath\":\"player_knife_tex.png\",\"SubTexture\":[{\"width\":23,\"y\":597,\"height\":33,\"name\":\"player1/_upperarm_l\",\"x\":862},{\"width\":23,\"y\":664,\"height\":33,\"name\":\"player1/_forearm_l\",\"x\":860},{\"width\":26,\"y\":730,\"height\":43,\"name\":\"player1/_thigh_l\",\"x\":800},{\"width\":16,\"y\":597,\"height\":42,\"name\":\"player1/_calf_l\",\"x\":887},{\"width\":10,\"y\":665,\"height\":76,\"name\":\"player1/_spine\",\"x\":122},{\"width\":27,\"y\":316,\"height\":43,\"name\":\"player1/_thigh_r\",\"x\":2009},{\"width\":28,\"y\":730,\"height\":39,\"name\":\"player1/_calf_r\",\"x\":828},{\"width\":60,\"y\":316,\"height\":65,\"name\":\"player1/_head\",\"x\":1947},{\"width\":60,\"y\":597,\"height\":65,\"name\":\"player1/_head1\",\"x\":800},{\"frameWidth\":60,\"y\":664,\"frameHeight\":65,\"width\":58,\"frameX\":0,\"height\":64,\"name\":\"player1/_head2\",\"frameY\":-1,\"x\":800},{\"frameWidth\":210,\"y\":1706,\"frameHeight\":484,\"width\":43,\"frameX\":-65,\"height\":254,\"name\":\"knife1_2\",\"frameY\":-165,\"x\":211},{\"frameWidth\":210,\"y\":278,\"frameHeight\":484,\"width\":109,\"frameX\":-24,\"height\":317,\"name\":\"knife9_5\",\"frameY\":-105,\"x\":802},{\"frameWidth\":210,\"y\":891,\"frameHeight\":484,\"width\":61,\"frameX\":-57,\"height\":312,\"name\":\"knife5_3\",\"frameY\":-119,\"x\":594},{\"frameWidth\":210,\"y\":278,\"frameHeight\":484,\"width\":112,\"frameX\":-28,\"height\":287,\"name\":\"knife7_4\",\"frameY\":-133,\"x\":1148},{\"frameWidth\":210,\"y\":1151,\"frameHeight\":484,\"width\":64,\"frameX\":-56,\"height\":282,\"name\":\"knife3_2\",\"frameY\":-140,\"x\":337},{\"frameWidth\":210,\"y\":1448,\"frameHeight\":484,\"width\":49,\"frameX\":-63,\"height\":304,\"name\":\"knife5_2\",\"frameY\":-122,\"x\":459},{\"frameWidth\":210,\"y\":568,\"frameHeight\":484,\"width\":29,\"frameX\":-70,\"height\":241,\"name\":\"knife1_1\",\"frameY\":-171,\"x\":1116},{\"frameWidth\":210,\"y\":568,\"frameHeight\":484,\"width\":83,\"frameX\":-42,\"height\":298,\"name\":\"knife10_2\",\"frameY\":-126,\"x\":1031},{\"frameWidth\":210,\"y\":1440,\"frameHeight\":484,\"width\":43,\"frameX\":-66,\"height\":264,\"name\":\"knife3_1\",\"frameY\":-149,\"x\":211},{\"frameWidth\":210,\"y\":1153,\"frameHeight\":484,\"width\":24,\"frameX\":-76,\"height\":277,\"name\":\"knife5_1\",\"frameY\":-137,\"x\":211},{\"frameWidth\":210,\"y\":278,\"frameHeight\":484,\"width\":116,\"frameX\":-26,\"height\":289,\"name\":\"knife7_2\",\"frameY\":-131,\"x\":913},{\"frameWidth\":210,\"y\":992,\"frameHeight\":484,\"width\":110,\"frameX\":-24,\"height\":317,\"name\":\"knife9_3\",\"frameY\":-105,\"x\":1},{\"frameWidth\":210,\"y\":841,\"frameHeight\":484,\"width\":120,\"frameX\":-24,\"height\":294,\"name\":\"knife7_3\",\"frameY\":-128,\"x\":238},{\"frameWidth\":210,\"y\":1153,\"frameHeight\":484,\"width\":96,\"frameX\":-39,\"height\":301,\"name\":\"knife2_5\",\"frameY\":-123,\"x\":113},{\"frameWidth\":210,\"y\":1,\"frameHeight\":484,\"width\":163,\"frameX\":-24,\"height\":385,\"name\":\"knife4_5\",\"frameY\":-36,\"x\":1782},{\"frameWidth\":210,\"y\":696,\"frameHeight\":484,\"width\":100,\"frameX\":-34,\"height\":275,\"name\":\"knife7_1\",\"frameY\":-138,\"x\":1941},{\"frameWidth\":210,\"y\":278,\"frameHeight\":484,\"width\":91,\"frameX\":-41,\"height\":293,\"name\":\"knife2_4\",\"frameY\":-127,\"x\":1262},{\"frameWidth\":210,\"y\":838,\"frameHeight\":484,\"width\":114,\"frameX\":-40,\"height\":313,\"name\":\"knife6_5\",\"frameY\":-116,\"x\":122},{\"frameWidth\":210,\"y\":567,\"frameHeight\":484,\"width\":86,\"frameX\":-36,\"height\":293,\"name\":\"knife9_1\",\"frameY\":-117,\"x\":1148},{\"frameWidth\":210,\"y\":388,\"frameHeight\":484,\"width\":157,\"frameX\":-28,\"height\":388,\"name\":\"knife4_4\",\"frameY\":-36,\"x\":1782},{\"frameWidth\":210,\"y\":841,\"frameHeight\":484,\"width\":101,\"frameX\":-29,\"height\":308,\"name\":\"knife9_4\",\"frameY\":-109,\"x\":360},{\"frameWidth\":210,\"y\":1,\"frameHeight\":484,\"width\":168,\"frameX\":-22,\"height\":398,\"name\":\"knife4_3\",\"frameY\":-30,\"x\":1612},{\"frameWidth\":210,\"y\":388,\"frameHeight\":484,\"width\":106,\"frameX\":-45,\"height\":306,\"name\":\"knife6_4\",\"frameY\":-121,\"x\":1941},{\"frameWidth\":210,\"y\":576,\"frameHeight\":484,\"width\":92,\"frameX\":-40,\"height\":298,\"name\":\"knife2_3\",\"frameY\":-125,\"x\":706},{\"frameWidth\":210,\"y\":665,\"frameHeight\":484,\"width\":119,\"frameX\":-20,\"height\":325,\"name\":\"knife9_2\",\"frameY\":-102,\"x\":1},{\"frameWidth\":210,\"y\":1137,\"frameHeight\":484,\"width\":97,\"frameX\":-38,\"height\":301,\"name\":\"knife2_2\",\"frameY\":-123,\"x\":238},{\"frameWidth\":210,\"y\":165,\"frameHeight\":484,\"width\":181,\"frameX\":-16,\"height\":409,\"name\":\"knife4_2\",\"frameY\":-24,\"x\":619},{\"frameWidth\":210,\"y\":569,\"frameHeight\":484,\"width\":126,\"frameX\":-34,\"height\":325,\"name\":\"knife6_3\",\"frameY\":-111,\"x\":466},{\"frameWidth\":210,\"y\":569,\"frameHeight\":484,\"width\":158,\"frameX\":-5,\"height\":270,\"name\":\"knife8_4\",\"frameY\":-149,\"x\":306},{\"frameWidth\":210,\"y\":569,\"frameHeight\":484,\"width\":83,\"frameX\":-42,\"height\":298,\"name\":\"knife10_4\",\"frameY\":-126,\"x\":913},{\"frameWidth\":210,\"y\":876,\"frameHeight\":484,\"width\":73,\"frameX\":-50,\"height\":277,\"name\":\"knife2_1\",\"frameY\":-135,\"x\":706},{\"frameWidth\":210,\"y\":297,\"frameHeight\":484,\"width\":139,\"frameX\":-36,\"height\":366,\"name\":\"knife4_1\",\"frameY\":-45,\"x\":1},{\"frameWidth\":210,\"y\":573,\"frameHeight\":484,\"width\":154,\"frameX\":-8,\"height\":263,\"name\":\"knife8_5\",\"frameY\":-153,\"x\":142},{\"frameWidth\":210,\"y\":1311,\"frameHeight\":484,\"width\":92,\"frameX\":-38,\"height\":308,\"name\":\"knife10_5\",\"frameY\":-120,\"x\":1},{\"frameWidth\":210,\"y\":576,\"frameHeight\":484,\"width\":110,\"frameX\":-42,\"height\":313,\"name\":\"knife6_2\",\"frameY\":-116,\"x\":594},{\"frameWidth\":210,\"y\":1177,\"frameHeight\":484,\"width\":58,\"frameX\":-58,\"height\":269,\"name\":\"knife1_5\",\"frameY\":-158,\"x\":459},{\"frameWidth\":210,\"y\":1,\"frameHeight\":484,\"width\":97,\"frameX\":-35,\"height\":313,\"name\":\"knife10_3\",\"frameY\":-117,\"x\":1947},{\"frameWidth\":210,\"y\":778,\"frameHeight\":484,\"width\":77,\"frameX\":-59,\"height\":278,\"name\":\"knife6_1\",\"frameY\":-134,\"x\":800},{\"frameWidth\":210,\"y\":1457,\"frameHeight\":484,\"width\":52,\"frameX\":-60,\"height\":263,\"name\":\"knife1_4\",\"frameY\":-162,\"x\":401},{\"frameWidth\":210,\"y\":1435,\"frameHeight\":484,\"width\":62,\"frameX\":-56,\"height\":283,\"name\":\"knife3_5\",\"frameY\":-139,\"x\":337},{\"frameWidth\":210,\"y\":297,\"frameHeight\":484,\"width\":160,\"frameX\":-3,\"height\":270,\"name\":\"knife8_3\",\"frameY\":-149,\"x\":306},{\"frameWidth\":210,\"y\":297,\"frameHeight\":484,\"width\":139,\"frameX\":-15,\"height\":250,\"name\":\"knife8_1\",\"frameY\":-159,\"x\":468},{\"frameWidth\":210,\"y\":1176,\"frameHeight\":484,\"width\":59,\"frameX\":-58,\"height\":277,\"name\":\"knife3_4\",\"frameY\":-143,\"x\":533},{\"frameWidth\":210,\"y\":1151,\"frameHeight\":484,\"width\":54,\"frameX\":-60,\"height\":304,\"name\":\"knife5_5\",\"frameY\":-122,\"x\":403},{\"frameWidth\":210,\"y\":1722,\"frameHeight\":484,\"width\":51,\"frameX\":-60,\"height\":265,\"name\":\"knife1_3\",\"frameY\":-159,\"x\":401},{\"frameWidth\":210,\"y\":896,\"frameHeight\":484,\"width\":68,\"frameX\":-50,\"height\":279,\"name\":\"knife10_1\",\"frameY\":-126,\"x\":463},{\"frameWidth\":210,\"y\":297,\"frameHeight\":484,\"width\":162,\"frameX\":-3,\"height\":274,\"name\":\"knife8_2\",\"frameY\":-147,\"x\":142},{\"frameWidth\":210,\"y\":278,\"frameHeight\":484,\"width\":115,\"frameX\":-27,\"height\":288,\"name\":\"knife7_5\",\"frameY\":-132,\"x\":1031},{\"frameWidth\":210,\"y\":896,\"frameHeight\":484,\"width\":59,\"frameX\":-58,\"height\":278,\"name\":\"knife3_3\",\"frameY\":-141,\"x\":533},{\"frameWidth\":210,\"y\":891,\"frameHeight\":484,\"width\":44,\"frameX\":-65,\"height\":299,\"name\":\"knife5_4\",\"frameY\":-125,\"x\":657},{\"width\":28,\"y\":730,\"height\":28,\"name\":\"player1/_upperarm_r\",\"x\":858},{\"width\":23,\"y\":664,\"height\":33,\"name\":\"player1/_forearm_r\",\"x\":885},{\"frameWidth\":833,\"y\":165,\"frameHeight\":183,\"width\":616,\"frameX\":-108,\"height\":130,\"name\":\"fx/fx3_1\",\"frameY\":-32,\"x\":1},{\"frameWidth\":833,\"y\":150,\"frameHeight\":183,\"width\":804,\"frameX\":-14,\"height\":126,\"name\":\"fx/fx3_4\",\"frameY\":-34,\"x\":806},{\"frameWidth\":833,\"y\":1,\"frameHeight\":183,\"width\":762,\"frameX\":-35,\"height\":147,\"name\":\"fx/fx3_2\",\"frameY\":-20,\"x\":806},{\"frameWidth\":833,\"y\":1,\"frameHeight\":183,\"width\":803,\"frameX\":-15,\"height\":162,\"name\":\"fx/fx3_3\",\"frameY\":-11,\"x\":1}],\"height\":2048,\"name\":\"player_knife\"}",
  "_texture": {
    "__uuid__": "13d85bf2-72a3-4a0d-a6aa-90a7b47caadf@6c48a",
    "__expectedType__": "cc.Texture2D"
  },
  "_atlasJsonData": {
    "width": 2048,
    "imagePath": "player_knife_tex.png",
    "SubTexture": [
      {
        "width": 23,
        "y": 597,
        "height": 33,
        "name": "player1/_upperarm_l",
        "x": 862
      },
      {
        "width": 23,
        "y": 664,
        "height": 33,
        "name": "player1/_forearm_l",
        "x": 860
      },
      {
        "width": 26,
        "y": 730,
        "height": 43,
        "name": "player1/_thigh_l",
        "x": 800
      },
      {
        "width": 16,
        "y": 597,
        "height": 42,
        "name": "player1/_calf_l",
        "x": 887
      },
      {
        "width": 10,
        "y": 665,
        "height": 76,
        "name": "player1/_spine",
        "x": 122
      },
      {
        "width": 27,
        "y": 316,
        "height": 43,
        "name": "player1/_thigh_r",
        "x": 2009
      },
      {
        "width": 28,
        "y": 730,
        "height": 39,
        "name": "player1/_calf_r",
        "x": 828
      },
      {
        "width": 60,
        "y": 316,
        "height": 65,
        "name": "player1/_head",
        "x": 1947
      },
      {
        "width": 60,
        "y": 597,
        "height": 65,
        "name": "player1/_head1",
        "x": 800
      },
      {
        "frameWidth": 60,
        "y": 664,
        "frameHeight": 65,
        "width": 58,
        "frameX": 0,
        "height": 64,
        "name": "player1/_head2",
        "frameY": -1,
        "x": 800
      },
      {
        "frameWidth": 210,
        "y": 1706,
        "frameHeight": 484,
        "width": 43,
        "frameX": -65,
        "height": 254,
        "name": "knife1_2",
        "frameY": -165,
        "x": 211
      },
      {
        "frameWidth": 210,
        "y": 278,
        "frameHeight": 484,
        "width": 109,
        "frameX": -24,
        "height": 317,
        "name": "knife9_5",
        "frameY": -105,
        "x": 802
      },
      {
        "frameWidth": 210,
        "y": 891,
        "frameHeight": 484,
        "width": 61,
        "frameX": -57,
        "height": 312,
        "name": "knife5_3",
        "frameY": -119,
        "x": 594
      },
      {
        "frameWidth": 210,
        "y": 278,
        "frameHeight": 484,
        "width": 112,
        "frameX": -28,
        "height": 287,
        "name": "knife7_4",
        "frameY": -133,
        "x": 1148
      },
      {
        "frameWidth": 210,
        "y": 1151,
        "frameHeight": 484,
        "width": 64,
        "frameX": -56,
        "height": 282,
        "name": "knife3_2",
        "frameY": -140,
        "x": 337
      },
      {
        "frameWidth": 210,
        "y": 1448,
        "frameHeight": 484,
        "width": 49,
        "frameX": -63,
        "height": 304,
        "name": "knife5_2",
        "frameY": -122,
        "x": 459
      },
      {
        "frameWidth": 210,
        "y": 568,
        "frameHeight": 484,
        "width": 29,
        "frameX": -70,
        "height": 241,
        "name": "knife1_1",
        "frameY": -171,
        "x": 1116
      },
      {
        "frameWidth": 210,
        "y": 568,
        "frameHeight": 484,
        "width": 83,
        "frameX": -42,
        "height": 298,
        "name": "knife10_2",
        "frameY": -126,
        "x": 1031
      },
      {
        "frameWidth": 210,
        "y": 1440,
        "frameHeight": 484,
        "width": 43,
        "frameX": -66,
        "height": 264,
        "name": "knife3_1",
        "frameY": -149,
        "x": 211
      },
      {
        "frameWidth": 210,
        "y": 1153,
        "frameHeight": 484,
        "width": 24,
        "frameX": -76,
        "height": 277,
        "name": "knife5_1",
        "frameY": -137,
        "x": 211
      },
      {
        "frameWidth": 210,
        "y": 278,
        "frameHeight": 484,
        "width": 116,
        "frameX": -26,
        "height": 289,
        "name": "knife7_2",
        "frameY": -131,
        "x": 913
      },
      {
        "frameWidth": 210,
        "y": 992,
        "frameHeight": 484,
        "width": 110,
        "frameX": -24,
        "height": 317,
        "name": "knife9_3",
        "frameY": -105,
        "x": 1
      },
      {
        "frameWidth": 210,
        "y": 841,
        "frameHeight": 484,
        "width": 120,
        "frameX": -24,
        "height": 294,
        "name": "knife7_3",
        "frameY": -128,
        "x": 238
      },
      {
        "frameWidth": 210,
        "y": 1153,
        "frameHeight": 484,
        "width": 96,
        "frameX": -39,
        "height": 301,
        "name": "knife2_5",
        "frameY": -123,
        "x": 113
      },
      {
        "frameWidth": 210,
        "y": 1,
        "frameHeight": 484,
        "width": 163,
        "frameX": -24,
        "height": 385,
        "name": "knife4_5",
        "frameY": -36,
        "x": 1782
      },
      {
        "frameWidth": 210,
        "y": 696,
        "frameHeight": 484,
        "width": 100,
        "frameX": -34,
        "height": 275,
        "name": "knife7_1",
        "frameY": -138,
        "x": 1941
      },
      {
        "frameWidth": 210,
        "y": 278,
        "frameHeight": 484,
        "width": 91,
        "frameX": -41,
        "height": 293,
        "name": "knife2_4",
        "frameY": -127,
        "x": 1262
      },
      {
        "frameWidth": 210,
        "y": 838,
        "frameHeight": 484,
        "width": 114,
        "frameX": -40,
        "height": 313,
        "name": "knife6_5",
        "frameY": -116,
        "x": 122
      },
      {
        "frameWidth": 210,
        "y": 567,
        "frameHeight": 484,
        "width": 86,
        "frameX": -36,
        "height": 293,
        "name": "knife9_1",
        "frameY": -117,
        "x": 1148
      },
      {
        "frameWidth": 210,
        "y": 388,
        "frameHeight": 484,
        "width": 157,
        "frameX": -28,
        "height": 388,
        "name": "knife4_4",
        "frameY": -36,
        "x": 1782
      },
      {
        "frameWidth": 210,
        "y": 841,
        "frameHeight": 484,
        "width": 101,
        "frameX": -29,
        "height": 308,
        "name": "knife9_4",
        "frameY": -109,
        "x": 360
      },
      {
        "frameWidth": 210,
        "y": 1,
        "frameHeight": 484,
        "width": 168,
        "frameX": -22,
        "height": 398,
        "name": "knife4_3",
        "frameY": -30,
        "x": 1612
      },
      {
        "frameWidth": 210,
        "y": 388,
        "frameHeight": 484,
        "width": 106,
        "frameX": -45,
        "height": 306,
        "name": "knife6_4",
        "frameY": -121,
        "x": 1941
      },
      {
        "frameWidth": 210,
        "y": 576,
        "frameHeight": 484,
        "width": 92,
        "frameX": -40,
        "height": 298,
        "name": "knife2_3",
        "frameY": -125,
        "x": 706
      },
      {
        "frameWidth": 210,
        "y": 665,
        "frameHeight": 484,
        "width": 119,
        "frameX": -20,
        "height": 325,
        "name": "knife9_2",
        "frameY": -102,
        "x": 1
      },
      {
        "frameWidth": 210,
        "y": 1137,
        "frameHeight": 484,
        "width": 97,
        "frameX": -38,
        "height": 301,
        "name": "knife2_2",
        "frameY": -123,
        "x": 238
      },
      {
        "frameWidth": 210,
        "y": 165,
        "frameHeight": 484,
        "width": 181,
        "frameX": -16,
        "height": 409,
        "name": "knife4_2",
        "frameY": -24,
        "x": 619
      },
      {
        "frameWidth": 210,
        "y": 569,
        "frameHeight": 484,
        "width": 126,
        "frameX": -34,
        "height": 325,
        "name": "knife6_3",
        "frameY": -111,
        "x": 466
      },
      {
        "frameWidth": 210,
        "y": 569,
        "frameHeight": 484,
        "width": 158,
        "frameX": -5,
        "height": 270,
        "name": "knife8_4",
        "frameY": -149,
        "x": 306
      },
      {
        "frameWidth": 210,
        "y": 569,
        "frameHeight": 484,
        "width": 83,
        "frameX": -42,
        "height": 298,
        "name": "knife10_4",
        "frameY": -126,
        "x": 913
      },
      {
        "frameWidth": 210,
        "y": 876,
        "frameHeight": 484,
        "width": 73,
        "frameX": -50,
        "height": 277,
        "name": "knife2_1",
        "frameY": -135,
        "x": 706
      },
      {
        "frameWidth": 210,
        "y": 297,
        "frameHeight": 484,
        "width": 139,
        "frameX": -36,
        "height": 366,
        "name": "knife4_1",
        "frameY": -45,
        "x": 1
      },
      {
        "frameWidth": 210,
        "y": 573,
        "frameHeight": 484,
        "width": 154,
        "frameX": -8,
        "height": 263,
        "name": "knife8_5",
        "frameY": -153,
        "x": 142
      },
      {
        "frameWidth": 210,
        "y": 1311,
        "frameHeight": 484,
        "width": 92,
        "frameX": -38,
        "height": 308,
        "name": "knife10_5",
        "frameY": -120,
        "x": 1
      },
      {
        "frameWidth": 210,
        "y": 576,
        "frameHeight": 484,
        "width": 110,
        "frameX": -42,
        "height": 313,
        "name": "knife6_2",
        "frameY": -116,
        "x": 594
      },
      {
        "frameWidth": 210,
        "y": 1177,
        "frameHeight": 484,
        "width": 58,
        "frameX": -58,
        "height": 269,
        "name": "knife1_5",
        "frameY": -158,
        "x": 459
      },
      {
        "frameWidth": 210,
        "y": 1,
        "frameHeight": 484,
        "width": 97,
        "frameX": -35,
        "height": 313,
        "name": "knife10_3",
        "frameY": -117,
        "x": 1947
      },
      {
        "frameWidth": 210,
        "y": 778,
        "frameHeight": 484,
        "width": 77,
        "frameX": -59,
        "height": 278,
        "name": "knife6_1",
        "frameY": -134,
        "x": 800
      },
      {
        "frameWidth": 210,
        "y": 1457,
        "frameHeight": 484,
        "width": 52,
        "frameX": -60,
        "height": 263,
        "name": "knife1_4",
        "frameY": -162,
        "x": 401
      },
      {
        "frameWidth": 210,
        "y": 1435,
        "frameHeight": 484,
        "width": 62,
        "frameX": -56,
        "height": 283,
        "name": "knife3_5",
        "frameY": -139,
        "x": 337
      },
      {
        "frameWidth": 210,
        "y": 297,
        "frameHeight": 484,
        "width": 160,
        "frameX": -3,
        "height": 270,
        "name": "knife8_3",
        "frameY": -149,
        "x": 306
      },
      {
        "frameWidth": 210,
        "y": 297,
        "frameHeight": 484,
        "width": 139,
        "frameX": -15,
        "height": 250,
        "name": "knife8_1",
        "frameY": -159,
        "x": 468
      },
      {
        "frameWidth": 210,
        "y": 1176,
        "frameHeight": 484,
        "width": 59,
        "frameX": -58,
        "height": 277,
        "name": "knife3_4",
        "frameY": -143,
        "x": 533
      },
      {
        "frameWidth": 210,
        "y": 1151,
        "frameHeight": 484,
        "width": 54,
        "frameX": -60,
        "height": 304,
        "name": "knife5_5",
        "frameY": -122,
        "x": 403
      },
      {
        "frameWidth": 210,
        "y": 1722,
        "frameHeight": 484,
        "width": 51,
        "frameX": -60,
        "height": 265,
        "name": "knife1_3",
        "frameY": -159,
        "x": 401
      },
      {
        "frameWidth": 210,
        "y": 896,
        "frameHeight": 484,
        "width": 68,
        "frameX": -50,
        "height": 279,
        "name": "knife10_1",
        "frameY": -126,
        "x": 463
      },
      {
        "frameWidth": 210,
        "y": 297,
        "frameHeight": 484,
        "width": 162,
        "frameX": -3,
        "height": 274,
        "name": "knife8_2",
        "frameY": -147,
        "x": 142
      },
      {
        "frameWidth": 210,
        "y": 278,
        "frameHeight": 484,
        "width": 115,
        "frameX": -27,
        "height": 288,
        "name": "knife7_5",
        "frameY": -132,
        "x": 1031
      },
      {
        "frameWidth": 210,
        "y": 896,
        "frameHeight": 484,
        "width": 59,
        "frameX": -58,
        "height": 278,
        "name": "knife3_3",
        "frameY": -141,
        "x": 533
      },
      {
        "frameWidth": 210,
        "y": 891,
        "frameHeight": 484,
        "width": 44,
        "frameX": -65,
        "height": 299,
        "name": "knife5_4",
        "frameY": -125,
        "x": 657
      },
      {
        "width": 28,
        "y": 730,
        "height": 28,
        "name": "player1/_upperarm_r",
        "x": 858
      },
      {
        "width": 23,
        "y": 664,
        "height": 33,
        "name": "player1/_forearm_r",
        "x": 885
      },
      {
        "frameWidth": 833,
        "y": 165,
        "frameHeight": 183,
        "width": 616,
        "frameX": -108,
        "height": 130,
        "name": "fx/fx3_1",
        "frameY": -32,
        "x": 1
      },
      {
        "frameWidth": 833,
        "y": 150,
        "frameHeight": 183,
        "width": 804,
        "frameX": -14,
        "height": 126,
        "name": "fx/fx3_4",
        "frameY": -34,
        "x": 806
      },
      {
        "frameWidth": 833,
        "y": 1,
        "frameHeight": 183,
        "width": 762,
        "frameX": -35,
        "height": 147,
        "name": "fx/fx3_2",
        "frameY": -20,
        "x": 806
      },
      {
        "frameWidth": 833,
        "y": 1,
        "frameHeight": 183,
        "width": 803,
        "frameX": -15,
        "height": 162,
        "name": "fx/fx3_3",
        "frameY": -11,
        "x": 1
      }
    ],
    "height": 2048,
    "name": "player_knife"
  },
  "_textureAtlasData": null
}