{
  "__type__": "dragonBones.DragonBonesAsset",
  "_name": "player_knife_Effect1_ske",
  "_objFlags": 0,
  "_native": "",
  "_dragonBonesJson": "{\"frameRate\":24,\"name\":\"player_knife_Effect1\",\"version\":\"5.5\",\"compatibleVersion\":\"5.5\",\"armature\":[{\"type\":\"Armature\",\"frameRate\":24,\"name\":\"Armature\",\"aabb\":{\"x\":-323.98,\"y\":-258.2,\"width\":556.77,\"height\":362.39},\"bone\":[{\"name\":\"root\"},{\"name\":\"fx1_1\",\"parent\":\"root\"},{\"name\":\"fx2_1\",\"parent\":\"root\"}],\"slot\":[{\"name\":\"fx1_1\",\"parent\":\"fx1_1\"},{\"name\":\"fx2_1\",\"parent\":\"fx2_1\"}],\"skin\":[{\"slot\":[{\"name\":\"fx1_1\",\"display\":[{\"name\":\"fx/fx1_1\",\"transform\":{\"x\":-114.98,\"y\":-90.7}},{\"name\":\"fx/fx1_2\",\"transform\":{\"x\":-114.98,\"y\":-90.7}},{\"name\":\"fx/fx1_3\",\"transform\":{\"x\":-114.98,\"y\":-90.7}},{\"name\":\"fx/fx1_4\",\"transform\":{\"x\":-114.98,\"y\":-90.7}},{\"name\":\"fx/fx1_5\",\"transform\":{\"x\":-114.98,\"y\":-90.7}},{\"name\":\"fx/fx1_6\",\"transform\":{\"x\":-114.98,\"y\":-90.7}},{\"name\":\"fx/fx1_7\",\"transform\":{\"x\":-114.98,\"y\":-90.7}},{\"name\":\"fx/fx1_8\",\"transform\":{\"x\":-114.98,\"y\":-90.7}},{\"name\":\"fx/fx1_9\",\"transform\":{\"x\":-114.98,\"y\":-90.7}},{\"name\":\"fx/fx1_10\",\"transform\":{\"x\":-114.98,\"y\":-90.7}},{\"name\":\"fx/fx1_11\",\"transform\":{\"x\":-114.98,\"y\":-90.7}},{\"name\":\"fx/fx1_12\",\"transform\":{\"x\":-114.98,\"y\":-90.7}}]},{\"name\":\"fx2_1\",\"display\":[{\"name\":\"fx/fx2_1\",\"transform\":{\"x\":-2.21,\"y\":8.69}},{\"name\":\"fx/fx2_2\",\"transform\":{\"x\":-2.21,\"y\":8.69}},{\"name\":\"fx/fx2_3\",\"transform\":{\"x\":-2.21,\"y\":8.69}},{\"name\":\"fx/fx2_4\",\"transform\":{\"x\":-2.21,\"y\":8.69}},{\"name\":\"fx/fx2_5\",\"transform\":{\"x\":-2.21,\"y\":8.69}},{\"name\":\"fx/fx2_6\",\"transform\":{\"x\":-2.21,\"y\":8.69}},{\"name\":\"fx/fx2_7\",\"transform\":{\"x\":-2.21,\"y\":8.69}},{\"name\":\"fx/fx2_8\",\"transform\":{\"x\":-2.21,\"y\":8.69}},{\"name\":\"fx/fx2_9\",\"transform\":{\"x\":-2.21,\"y\":8.69}},{\"name\":\"fx/fx2_10\",\"transform\":{\"x\":-2.21,\"y\":8.69}},{\"name\":\"fx/fx2_11\",\"transform\":{\"x\":-2.21,\"y\":8.69}},{\"name\":\"fx/fx2_12\",\"transform\":{\"x\":-2.21,\"y\":8.69}}]}]}],\"animation\":[{\"duration\":12,\"playTimes\":0,\"name\":\"AttackEffect1\",\"bone\":[{\"name\":\"fx1_1\",\"scaleFrame\":[{\"duration\":12,\"x\":2,\"y\":2}]}],\"slot\":[{\"name\":\"fx1_1\",\"displayFrame\":[{},{\"value\":1},{\"value\":2},{\"value\":3},{\"value\":4},{\"value\":5},{\"value\":6},{\"value\":7},{\"value\":8},{\"value\":9},{\"value\":10},{\"value\":11}],\"colorFrame\":[{\"duration\":11},{\"tweenEasing\":0},{\"duration\":0,\"value\":{\"aM\":0}}]},{\"name\":\"fx2_1\",\"displayFrame\":[{\"duration\":12,\"value\":-1}]}]},{\"duration\":11,\"playTimes\":0,\"name\":\"AttackEffect2\",\"bone\":[{\"name\":\"fx1_1\",\"rotateFrame\":[{\"duration\":11,\"rotate\":-60}],\"scaleFrame\":[{\"duration\":11,\"x\":2,\"y\":-2}]}],\"slot\":[{\"name\":\"fx1_1\",\"displayFrame\":[{\"value\":1},{\"value\":2},{\"value\":3},{\"value\":4},{\"value\":5},{\"value\":6},{\"value\":7},{\"value\":8},{\"value\":9},{\"value\":10},{\"value\":11}],\"colorFrame\":[{\"duration\":10},{\"tweenEasing\":0},{\"duration\":0,\"value\":{\"aM\":0}}]},{\"name\":\"fx2_1\",\"displayFrame\":[{\"duration\":11,\"value\":-1}]}]},{\"duration\":12,\"playTimes\":0,\"name\":\"AttackEffect3\",\"bone\":[{\"name\":\"fx2_1\",\"scaleFrame\":[{\"duration\":12,\"x\":1.5,\"y\":1.5}]}],\"slot\":[{\"name\":\"fx1_1\",\"displayFrame\":[{\"duration\":12,\"value\":-1}]},{\"name\":\"fx2_1\",\"displayFrame\":[{},{\"value\":1},{\"value\":2},{\"value\":3},{\"value\":4},{\"value\":5},{\"value\":6},{\"value\":7},{\"value\":8},{\"value\":9},{\"value\":10},{\"value\":11}],\"colorFrame\":[{\"duration\":12},{\"duration\":0,\"value\":{\"aM\":0}}]}]},{\"duration\":24,\"playTimes\":0,\"name\":\"SkillEffect1\",\"bone\":[{\"name\":\"fx2_1\",\"scaleFrame\":[{\"duration\":24,\"x\":2,\"y\":2}]}],\"slot\":[{\"name\":\"fx1_1\",\"displayFrame\":[{\"duration\":24,\"value\":-1}]},{\"name\":\"fx2_1\",\"displayFrame\":[{},{\"value\":1},{\"value\":2},{\"value\":3},{\"value\":4},{\"value\":5},{\"value\":6},{\"value\":7},{\"value\":8},{\"value\":9},{\"value\":10},{\"value\":11},{},{\"value\":1},{\"value\":2},{\"value\":3},{\"value\":4},{\"value\":5},{\"value\":6},{\"value\":7},{\"value\":8},{\"value\":9},{\"value\":10},{\"value\":11}],\"colorFrame\":[{\"duration\":23},{\"tweenEasing\":0},{\"duration\":0,\"value\":{\"aM\":0}}]}]},{\"duration\":24,\"playTimes\":0,\"name\":\"SkillEffect2\",\"bone\":[{\"name\":\"fx1_1\",\"translateFrame\":[{\"duration\":12},{\"duration\":12,\"x\":223.51,\"y\":-224.5}],\"rotateFrame\":[{\"duration\":12},{\"duration\":12,\"rotate\":-30}],\"scaleFrame\":[{\"duration\":12},{\"duration\":12,\"x\":2,\"y\":-1.6}]},{\"name\":\"fx2_1\",\"rotateFrame\":[{\"duration\":24,\"rotate\":10}],\"scaleFrame\":[{\"duration\":24,\"x\":2,\"y\":2}]}],\"slot\":[{\"name\":\"fx1_1\",\"displayFrame\":[{\"duration\":12,\"value\":-1},{},{\"value\":1},{\"value\":2},{\"value\":3},{\"value\":4},{\"value\":5},{\"value\":6},{\"value\":7},{\"value\":8},{\"value\":9},{\"value\":10},{\"value\":11}],\"colorFrame\":[{\"duration\":24},{\"duration\":0,\"value\":{\"aM\":0}}]},{\"name\":\"fx2_1\",\"displayFrame\":[{},{\"value\":1},{\"value\":2},{\"value\":3},{\"value\":4},{\"value\":5},{\"value\":6},{\"value\":7},{\"value\":8},{\"value\":9},{\"value\":10},{\"duration\":13,\"value\":11}],\"colorFrame\":[{\"duration\":12},{\"duration\":12,\"value\":{\"aM\":0}}]}]}],\"defaultActions\":[{\"gotoAndPlay\":\"AttackEffect1\"}]}]}"
}