{"frameRate":24,"name":"monster_9","version":"5.5","compatibleVersion":"5.5","armature":[{"type":"Armature","frameRate":24,"name":"Armature","aabb":{"x":-220.55,"y":-297.2,"width":340.05,"height":332},"bone":[{"name":"root"},{"name":"m_centre","parent":"root","transform":{"y":-96}},{"name":"bone_ikTarget","parent":"root","transform":{"x":34.3388,"y":-3.1025}},{"name":"bone_ikTarget1","parent":"root","transform":{"x":-49.154,"y":-4.5818}},{"name":"shadow2","parent":"root"},{"length":38,"name":"thigh_r","parent":"m_centre","transform":{"x":-10.85,"y":-4.8,"skX":116.5651,"skY":116.5651}},{"length":34,"name":"thigh_l","parent":"m_centre","transform":{"x":10.1,"y":-4.2,"skX":65.8178,"skY":65.8178}},{"length":78,"name":"spine","parent":"m_centre","transform":{"x":-0.65,"y":4.05,"skX":-91.423,"skY":-91.423}},{"length":70,"name":"calf_r","parent":"thigh_r","transform":{"x":33.9212,"y":1.3193,"skX":-8.287,"skY":-8.287}},{"length":81,"name":"head","parent":"spine","transform":{"x":78.5037,"y":-11.254,"skX":18.4269,"skY":18.4269}},{"length":69,"name":"calf_l","parent":"thigh_l","transform":{"x":31.3495,"y":-0.1184,"skX":13.52,"skY":13.52}},{"length":39,"name":"upperarm_l","parent":"spine","transform":{"x":72.4451,"y":25.2568,"skX":117.4663,"skY":117.4663}},{"length":39,"name":"upperarm_r","parent":"spine","transform":{"x":67.6169,"y":-28.0295,"skX":-117.7373,"skY":-117.7373}},{"length":89,"name":"forearm_l","parent":"upperarm_l","transform":{"x":36.8292,"y":-2.4151,"skX":44.4561,"skY":44.4561}},{"length":93,"name":"forearm_r","parent":"upperarm_r","transform":{"x":37.242,"y":1.0837,"skX":-50.2838,"skY":-50.2838}},{"name":"m9_fx1","parent":"forearm_r","transform":{"x":153.9533,"y":94.9772,"skX":-100.5559,"skY":-100.5559}}],"slot":[{"name":"shadow2","parent":"shadow2"},{"name":"thigh_r","parent":"thigh_r"},{"name":"calf_r","parent":"calf_r"},{"name":"thigh_l","parent":"thigh_l"},{"name":"calf_l","parent":"calf_l"},{"name":"upperarm_r","parent":"upperarm_r"},{"name":"forearm_r","parent":"forearm_r"},{"name":"spine","parent":"spine"},{"name":"upperarm_l","parent":"upperarm_l"},{"name":"forearm_l","parent":"forearm_l"},{"name":"head","parent":"head"},{"name":"m9_fx1","parent":"m9_fx1"}],"ik":[{"bendPositive":false,"chain":1,"name":"bone_ik1","bone":"calf_r","target":"bone_ikTarget1"},{"bendPositive":false,"chain":1,"name":"bone_ik","bone":"calf_l","target":"bone_ikTarget"}],"skin":[{"slot":[{"name":"forearm_r","display":[{"name":"m9/forearm_r","transform":{"x":43.59,"y":8.25,"skX":-100.56,"skY":-100.56}}]},{"name":"spine","display":[{"name":"m9/spine","transform":{"x":37.89,"y":-0.91,"skX":91.42,"skY":91.42}}]},{"name":"upperarm_r","display":[{"name":"m9/upperarm_r","transform":{"x":19.87,"y":-0.41,"skX":-150.84,"skY":-150.84}}]},{"name":"head","display":[{"name":"m9/head","transform":{"x":39.89,"y":-3.47,"skX":73,"skY":73}}]},{"name":"shadow2","display":[{"name":"m9/shadow2","transform":{"scX":1.6,"scY":1.6}}]},{"name":"m9_fx1","display":[{"name":"m9/m9_fx1","transform":{"x":129.42,"y":-123.5}},{"name":"m9/m9_fx2","transform":{"x":129.42,"y":-123.5}},{"name":"m9/m9_fx3","transform":{"x":129.42,"y":-123.5}},{"name":"m9/m9_fx4","transform":{"x":129.42,"y":-123.5}}]},{"name":"forearm_l","display":[{"name":"m9/forearm_l","transform":{"x":47,"y":-7.81,"skX":-70.5,"skY":-70.5}}]},{"name":"thigh_l","display":[{"name":"m9/thigh_l","transform":{"x":17.99,"y":-0.04,"skX":-65.82,"skY":-65.82}}]},{"name":"upperarm_l","display":[{"name":"m9/upperarm_l","transform":{"x":20.84,"y":0.05,"skX":-26.04,"skY":-26.04}}]},{"name":"calf_r","display":[{"name":"m9/calf_r","transform":{"x":43.95,"y":6.34,"skX":-108.28,"skY":-108.28}}]},{"name":"calf_l","display":[{"name":"m9/calf_l","transform":{"x":41.26,"y":12.4,"skX":-79.34,"skY":-79.34}}]},{"name":"thigh_r","display":[{"name":"m9/thigh_r","transform":{"x":19.07,"y":0.14,"skX":-116.57,"skY":-116.57}}]}]}],"animation":[{"duration":24,"playTimes":0,"name":"Idle","bone":[{"name":"m_centre","translateFrame":[{"duration":12,"tweenEasing":0},{"duration":12,"tweenEasing":0,"y":2.27},{"duration":0}]},{"name":"upperarm_r","rotateFrame":[{"duration":12,"tweenEasing":0},{"duration":12,"tweenEasing":0,"rotate":-7},{"duration":0}]},{"name":"head","rotateFrame":[{"duration":12,"tweenEasing":0},{"duration":12,"tweenEasing":0,"rotate":-6},{"duration":0}]},{"name":"upperarm_l","rotateFrame":[{"duration":12,"tweenEasing":0},{"duration":12,"tweenEasing":0,"rotate":13},{"duration":0}]}],"slot":[{"name":"m9_fx1","displayFrame":[{"duration":24,"value":-1}]}]},{"duration":4,"playTimes":0,"name":"Hurt","bone":[{"name":"m_centre","translateFrame":[{"duration":4,"tweenEasing":0},{"duration":0,"x":2.54,"y":4.42}],"rotateFrame":[{"duration":4,"tweenEasing":0},{"duration":0,"rotate":7}]},{"name":"spine","rotateFrame":[{"duration":4,"tweenEasing":0},{"duration":0,"rotate":23}],"scaleFrame":[{"duration":4,"tweenEasing":0},{"duration":0,"x":1.1,"y":1.1}]},{"name":"upperarm_r","rotateFrame":[{"duration":4,"tweenEasing":0},{"duration":0,"rotate":-27}]},{"name":"head","rotateFrame":[{"duration":4,"tweenEasing":0},{"duration":0,"rotate":4}]},{"name":"upperarm_l","rotateFrame":[{"duration":4,"tweenEasing":0},{"duration":0,"rotate":28}]},{"name":"forearm_l","rotateFrame":[{"duration":4,"tweenEasing":0},{"duration":0,"rotate":-13}]},{"name":"forearm_r","rotateFrame":[{"duration":4,"tweenEasing":0},{"duration":0,"rotate":9}]}],"slot":[{"name":"m9_fx1","displayFrame":[{"duration":4,"value":-1}]}]},{"duration":7,"playTimes":0,"name":"Attack","frame":[{"duration":4},{"duration":0,"events":[{"ints":[9],"name":"checkAttack"}]}],"bone":[{"name":"m_centre","translateFrame":[{"duration":2,"tweenEasing":0,"x":12.5,"y":11.1},{"duration":2,"tweenEasing":0,"x":-3.49,"y":3.01},{"duration":3,"x":-19.48,"y":14.04}],"rotateFrame":[{"duration":4,"tweenEasing":0,"rotate":13},{"duration":3,"rotate":-17}]},{"name":"spine","translateFrame":[{"duration":4,"tweenEasing":0},{"duration":3,"x":6.5,"y":-3.8}],"rotateFrame":[{"duration":4,"tweenEasing":0,"rotate":19},{"duration":3,"rotate":-58}],"scaleFrame":[{"duration":2,"tweenEasing":0},{"duration":2,"tweenEasing":0,"x":1.1,"y":1.2},{"duration":3}]},{"name":"upperarm_r","rotateFrame":[{"duration":2,"tweenEasing":0,"rotate":97},{"duration":2,"tweenEasing":0,"rotate":80.5},{"duration":3,"rotate":56}]},{"name":"head","rotateFrame":[{"duration":4,"tweenEasing":0},{"duration":3,"rotate":-20}]},{"name":"upperarm_l","rotateFrame":[{"duration":2,"tweenEasing":0,"rotate":-114.47},{"duration":2,"tweenEasing":0,"rotate":-110.97},{"duration":3,"rotate":-175.47}]},{"name":"forearm_l","rotateFrame":[{"duration":7,"rotate":-26}]},{"name":"forearm_r","rotateFrame":[{"duration":7,"rotate":82}]},{"name":"m9_fx1","translateFrame":[{"duration":7,"x":-87.65,"y":-134.17}],"rotateFrame":[{"duration":7,"rotate":-79.44}]}],"slot":[{"name":"m9_fx1","displayFrame":[{"duration":3,"value":-1},{},{"value":1},{"value":2},{"value":3},{"duration":0,"value":-1}]}]},{"duration":12,"playTimes":0,"name":"Died","bone":[{"name":"m_centre","translateFrame":[{"duration":4,"tweenEasing":0,"x":2.54,"y":4.42},{"duration":4,"tweenEasing":0,"x":2.54,"y":11.56},{"duration":4,"tweenEasing":0,"x":14.57,"y":-11.52},{"duration":0,"x":65.12,"y":75.93}],"rotateFrame":[{"duration":8,"tweenEasing":0,"rotate":7},{"duration":4,"rotate":25}]},{"name":"spine","rotateFrame":[{"duration":12,"tweenEasing":0,"rotate":23},{"duration":0,"rotate":72}],"scaleFrame":[{"duration":12,"x":1.1,"y":1.1}]},{"name":"upperarm_r","rotateFrame":[{"duration":8,"tweenEasing":0,"rotate":-27},{"duration":4,"tweenEasing":0,"rotate":28.74},{"duration":0,"rotate":-48.26}]},{"name":"head","rotateFrame":[{"duration":4,"tweenEasing":0,"rotate":4},{"duration":4,"tweenEasing":0,"rotate":-30},{"duration":4,"rotate":-24}]},{"name":"upperarm_l","rotateFrame":[{"duration":8,"tweenEasing":0,"rotate":28},{"duration":4,"tweenEasing":0,"rotate":102.53},{"duration":0,"rotate":62.53}]},{"name":"forearm_l","rotateFrame":[{"duration":12,"rotate":-13}]},{"name":"forearm_r","rotateFrame":[{"duration":12,"rotate":9}]},{"name":"bone_ikTarget","translateFrame":[{"duration":8},{"duration":4,"tweenEasing":0,"x":-55.72,"y":-29.09},{"duration":0,"x":-58.46,"y":-0.58}]},{"name":"bone_ikTarget1","translateFrame":[{"duration":8},{"duration":4,"tweenEasing":0,"x":-26.46,"y":-59.18},{"duration":0,"x":8.21,"y":-16.04}]}],"slot":[{"name":"m9_fx1","displayFrame":[{"duration":12,"value":-1}]}]},{"duration":12,"playTimes":0,"name":"Run","bone":[{"name":"m_centre","translateFrame":[{"duration":3,"tweenEasing":0,"y":3.27},{"duration":3,"tweenEasing":0,"y":-0.87},{"duration":3,"tweenEasing":0,"y":3.27},{"duration":3,"tweenEasing":0,"y":-0.87},{"duration":0,"y":3.27}]},{"name":"spine","translateFrame":[{"duration":6,"tweenEasing":0},{"duration":6,"tweenEasing":0,"x":-5.61},{"duration":0}],"rotateFrame":[{"duration":6,"tweenEasing":0},{"duration":6,"tweenEasing":0,"rotate":3.64},{"duration":0}]},{"name":"upperarm_r","rotateFrame":[{"duration":6,"tweenEasing":0},{"duration":6,"tweenEasing":0,"rotate":20},{"duration":0}]},{"name":"head","rotateFrame":[{"duration":6,"tweenEasing":0},{"duration":6,"tweenEasing":0,"rotate":-13},{"duration":0}]},{"name":"upperarm_l","rotateFrame":[{"duration":6,"tweenEasing":0},{"duration":6,"tweenEasing":0,"rotate":-34},{"duration":0}]},{"name":"forearm_l","rotateFrame":[{"duration":6,"tweenEasing":0},{"duration":6,"tweenEasing":0,"rotate":9},{"duration":0}]},{"name":"forearm_r","rotateFrame":[{"duration":6,"tweenEasing":0},{"duration":6,"tweenEasing":0,"rotate":-3},{"duration":0}]},{"name":"bone_ikTarget","translateFrame":[{"duration":3,"tweenEasing":0},{"tweenEasing":0,"x":-53.98,"y":-7},{"duration":2,"tweenEasing":0,"x":-56.15,"y":-5.07},{"duration":3,"tweenEasing":0,"x":-57.81,"y":-5.15},{"duration":3,"tweenEasing":0,"x":-36.17,"y":-0.01},{"duration":0}]},{"name":"bone_ikTarget1","translateFrame":[{"duration":3,"tweenEasing":0},{"duration":3,"tweenEasing":0,"x":47.78,"y":1.9},{"duration":3,"tweenEasing":0,"x":72.43,"y":-2.41},{"tweenEasing":0,"x":62.91,"y":-6.54},{"duration":2,"tweenEasing":0,"x":-14.71,"y":-14.61},{"duration":0}]}],"slot":[{"name":"m9_fx1","displayFrame":[{"duration":12,"value":-1}]}]}],"defaultActions":[{"gotoAndPlay":"Idle"}]}]}