{"SubTexture":[{"width":146,"y":452,"height":46,"name":"m5/shadow2","x":1},{"width":29,"y":385,"height":25,"name":"m5/upperarm_r","x":169},{"width":34,"y":163,"height":43,"name":"m5/forearm_r","x":141},{"width":25,"y":208,"height":46,"name":"m5/thigh_r","x":141},{"width":16,"y":335,"height":48,"name":"m5/calf_r","x":169},{"width":15,"y":163,"height":76,"name":"m5/spine","x":177},{"width":23,"y":256,"height":41,"name":"m5/thigh_l","x":141},{"width":17,"y":281,"height":52,"name":"m5/calf_l","x":169},{"width":32,"y":420,"height":30,"name":"m5/upperarm_l","x":93},{"width":28,"y":241,"height":38,"name":"m5/forearm_l","x":168},{"width":75,"y":420,"height":80,"name":"m5/head","x":149},{"frameHeight":162,"y":1,"frameX":0,"width":199,"frameY":0,"height":160,"name":"m5/m5_fx1","frameWidth":200,"x":1},{"frameHeight":162,"y":317,"frameX":-107,"width":90,"frameY":-28,"height":133,"name":"m5/m5_fx9","frameWidth":200,"x":1},{"frameHeight":162,"y":163,"frameX":-60,"width":138,"frameY":-9,"height":152,"name":"m5/m5_fx7","frameWidth":200,"x":1},{"frameHeight":162,"y":420,"frameX":-115,"width":65,"frameY":-67,"height":86,"name":"m5/m5_fx12","frameWidth":200,"x":226},{"frameHeight":162,"y":162,"frameX":-23,"width":175,"frameY":-3,"height":158,"name":"m5/m5_fx5","frameWidth":200,"x":202},{"frameHeight":162,"y":317,"frameX":-115,"width":74,"frameY":-57,"height":101,"name":"m5/m5_fx11","frameWidth":200,"x":93},{"frameHeight":162,"y":1,"frameX":-7,"width":191,"frameY":-1,"height":159,"name":"m5/m5_fx3","frameWidth":200,"x":202}],"width":395,"height":508,"name":"monster_5","imagePath":"monster_5_tex.png"}