{"frameRate":24,"name":"monster_12","version":"5.5","compatibleVersion":"5.5","armature":[{"type":"Armature","frameRate":24,"name":"Armature","aabb":{"x":-73,"y":-156.41,"width":178.66,"height":179.41},"bone":[{"name":"root"},{"name":"m_centre","parent":"root","transform":{"y":-54}},{"name":"bone_ikTarget1","parent":"root","transform":{"x":-28.795,"y":-3.0875}},{"name":"shadow2","parent":"root"},{"name":"bone_ikTarget","parent":"root","transform":{"x":34.1531,"y":-1.3133}},{"length":31,"name":"thigh_l","parent":"m_centre","transform":{"x":1.0282,"y":-3.5037,"skX":70.9265,"skY":70.9265}},{"length":32,"name":"thigh_r","parent":"m_centre","transform":{"x":2.55,"y":-2.6,"skX":145.4778,"skY":145.4778}},{"length":30,"name":"spine","parent":"m_centre","transform":{"x":1.3919,"y":0.05,"skX":-90.4696,"skY":-90.4696}},{"length":39,"name":"calf_l","parent":"thigh_l","transform":{"x":27.9163,"y":0.3627,"skX":-22.01,"skY":-22.01}},{"length":37,"name":"calf_r","parent":"thigh_r","transform":{"x":30.4977,"y":0.3363,"skX":-46.1028,"skY":-46.1028}},{"length":27,"name":"spine1","parent":"spine","transform":{"x":29.801,"y":-0.0057,"skX":-0.7871,"skY":-0.7871}},{"length":50,"name":"head","parent":"spine1","transform":{"x":21.057,"y":-0.0882,"skX":0.3401,"skY":0.3401}},{"length":32,"name":"upperarm_r","parent":"spine1","transform":{"x":13.7444,"y":1.0435,"skX":-124.7191,"skY":-124.7191}},{"length":25,"name":"upperarm_l","parent":"spine1","transform":{"x":14.4108,"y":-0.334,"skX":123.77,"skY":123.77}},{"length":45,"name":"spine11","parent":"spine1","transform":{"x":0.6723,"y":12.6678,"skX":-168.2976,"skY":-168.2976}},{"length":29,"name":"forearm_l","parent":"upperarm_l","transform":{"x":26.4654,"y":0.2993,"skX":36,"skY":36}},{"length":28,"name":"forearm_r","parent":"upperarm_r","transform":{"x":30.1268,"y":-0.0514,"skX":-28.64,"skY":-28.64}},{"length":93,"name":"arrow","parent":"forearm_l","transform":{"x":21.7564,"y":-0.2991,"skX":1.62,"skY":1.62}},{"name":"bow","parent":"forearm_r","transform":{"x":-2.1043,"y":-13.683,"skX":-136.8709,"skY":-136.8709}},{"length":25,"name":"bow1","parent":"bow","transform":{"x":0.201,"skX":-84.0555,"skY":-84.0555}},{"name":"bow_a","parent":"bow","transform":{"x":38.5544,"y":-0.7746}},{"length":26,"name":"bow4","parent":"bow","transform":{"x":0.201,"y":0.15,"skX":80.0475,"skY":80.0475}},{"length":33,"name":"bow9","parent":"bow_a","transform":{"x":-0.0081,"y":-0.0754,"skX":90,"skY":90}},{"length":31,"name":"bow7","parent":"bow_a","transform":{"x":0.1419,"y":0.0746,"skX":-89.7285,"skY":-89.7285}},{"length":24,"name":"bow5","parent":"bow4","transform":{"x":26.9049,"skX":-15.4213,"skY":-15.4213}},{"length":25,"name":"bow2","parent":"bow1","transform":{"x":25.5876,"skX":18.5644,"skY":18.5644}},{"length":29,"name":"bow10","parent":"bow9","transform":{"x":33.25,"skX":-0.5749,"skY":-0.5749}},{"length":24,"name":"bow6","parent":"bow5","transform":{"x":24.7363,"skX":-33.263,"skY":-33.263}},{"length":27,"name":"bow3","parent":"bow2","transform":{"x":25.5523,"skX":30.5846,"skY":30.5846}},{"length":31,"name":"bow8","parent":"bow7","transform":{"x":31.6504,"skX":-0.5483,"skY":-0.5483}}],"slot":[{"name":"upperarm_r","parent":"upperarm_r"},{"name":"forearm_r","parent":"forearm_r"},{"name":"spine1","parent":"spine11"},{"name":"calf_r","parent":"calf_r"},{"name":"thigh_r","parent":"thigh_r"},{"name":"spine","parent":"spine1"},{"name":"thigh_l","parent":"thigh_l"},{"name":"calf_l","parent":"calf_l"},{"name":"upperarm_l","parent":"upperarm_l"},{"name":"forearm_l","parent":"forearm_l"},{"name":"head","parent":"head"},{"name":"arrow","parent":"arrow"},{"name":"bow","parent":"bow10"},{"name":"shadow2","parent":"shadow2"}],"ik":[{"bendPositive":false,"chain":1,"name":"bone_ik","bone":"calf_l","target":"bone_ikTarget"},{"bendPositive":false,"chain":1,"name":"bone_ik1","bone":"calf_r","target":"bone_ikTarget1"}],"skin":[{"slot":[{"name":"spine","display":[{"type":"mesh","name":"m12/spine","width":11,"height":61,"vertices":[-5.54,-111.41,5.46,-111.41,-5.54,-50.41,5.46,-50.41,5.46,-82,-5.54,-82.35,5.46,-77.9,-5.54,-77.75,-5.54,-86.95,5.46,-86.5],"uvs":[0,0,1,0,0,1,1,1,1,0.48209,0,0.48865,1,0.5493,0,0.56709,0,0.41129,1,0.40832],"triangles":[5,7,6,6,7,3,7,2,3,0,8,9,0,9,1,5,6,4,9,8,4,8,5,4],"weights":[1,10,1,1,10,1,1,7,1,1,7,1,2,7,0.526269,10,0.473731,2,7,0.513951,10,0.486049,2,7,0.79,10,0.21,2,7,0.8,10,0.2,2,7,0.2,10,0.8,2,7,0.2,10,0.8],"slotPose":[1,0,0,1,0,0],"bonePose":[7,-0.008196,-0.999966,0.999966,-0.008196,0.25,-53.95,10,-0.021933,-0.999759,0.999759,-0.021933,0,-83.75],"edges":[0,1,3,2,4,6,6,3,2,7,7,5,5,8,8,0,1,9,9,4],"userEdges":[]}]},{"name":"arrow","display":[{"name":"m12/arrow","transform":{"x":47.19,"y":-0.24,"skX":180,"skY":180}}]},{"name":"upperarm_r","display":[{"name":"m12/upperarm_r","transform":{"x":15.29,"y":-0.16,"skX":-144.02,"skY":-144.02}}]},{"name":"head","display":[{"name":"m12/head","transform":{"x":21.19,"y":-5.15,"skX":90.92,"skY":90.92}}]},{"name":"bow","display":[{"type":"mesh","name":"m12/bow","width":40,"height":129,"vertices":[-61.54,-106.61,-34.54,-119.41,-60.24,-1.66,-34.71,9.59,-74.54,-54.2,-34.54,-54.55,-39.5,-54.05,-68.85,-54.4,-74.19,-25.7,-63.8,-27.45,-34.54,-21.45,-39.15,-21.35,-54.15,-7.65,-38.45,4.8,-45.05,9.59,-38.6,-9.05,-34.54,-9.45,-38.7,-85.65,-34.54,-85.9,-37.25,-114.15,-56.1,-99.55,-65.6,-77.85,-74.54,-80.1,-41.75,-119.41,-45.5,-8.5,-49.8,-26.25,-52.65,-54.35,-50.95,-80.65,-38.95,-100.25,-44.95,-0.1,-46.6,-109.05,-45.8,-97.55,-34.54,-100.6],"uvs":[0.32499,0.09922,1,0,0.35745,0.91279,1,1,0,0.50548,1,0.50277,0.87454,0.50665,0.14686,0.50393,0,0.72465,0.26817,0.71285,1,0.75936,0.88471,0.76013,0.51088,0.86517,0.92095,0.95548,0.73721,1,0.87495,0.85575,1,0.85238,0.89556,0.26168,1,0.25975,0.93215,0.04075,0.46095,0.15393,0.22346,0.32215,0,0.30006,0.81971,0,0.71353,0.85938,0.61824,0.72215,0.54848,0.50432,0.58956,0.30044,0.90208,0.14851,0.73417,0.9243,0.72089,0.08727,0.72328,0.16944,1,0.14579],"triangles":[28,31,17,25,11,6,26,25,6,17,27,6,27,26,6,30,28,19,15,29,13,6,11,10,28,17,18,28,18,32,19,28,32,13,14,3,6,10,5,18,17,5,17,6,5,23,19,1,19,32,1,15,13,16,10,11,16,11,15,16,13,3,16,24,29,15,24,15,11,23,30,19,29,14,13,30,31,28,25,24,11,31,27,17,26,9,25,25,12,24,0,30,23,21,26,27,20,27,31,24,12,29,20,31,30,29,2,14,12,2,29,0,20,30,7,9,26,21,7,26,20,21,27,9,12,25,9,8,2,22,21,20,9,2,12,0,22,20,4,8,7,4,7,21,7,8,9,22,4,21],"weights":[2,28,0.5,25,0.5,2,28,0.5,29,0.5,2,27,0.5,24,0.5,2,26,0.5,27,0.5,2,19,0.5,21,0.5,2,22,0.5,23,0.5,2,23,0.5,22,0.5,2,19,0.5,21,0.5,2,21,0.5,24,0.5,2,21,0.5,24,0.5,4,26,0.510203,22,0.483116,27,0.003563,24,0.003118,4,26,0.508115,22,0.480692,27,0.00561,24,0.005582,2,24,0.5,27,0.5,2,26,0.5,27,0.5,2,27,0.8,26,0.2,4,26,0.944322,22,0.022817,27,0.022497,24,0.010365,4,26,0.951925,22,0.024581,27,0.016281,24,0.007213,2,23,0.5,29,0.5,2,23,0.5,29,0.5,2,29,0.5,28,0.5,2,25,0.5,28,0.5,2,25,0.5,19,0.5,2,25,0.5,19,0.5,2,28,0.8,29,0.2,2,27,0.5,26,0.5,4,22,0.324893,26,0.289918,24,0.220961,21,0.164228,2,21,0.5,19,0.5,2,25,0.5,23,0.5,1,29,1,1,27,1,1,28,1,2,28,0.5,29,0.5,1,29,1],"slotPose":[1,0,0,1,0,0],"bonePose":[19,0.103566,-0.994623,0.994623,0.103566,-72.6,-54.1,25,0.414835,-0.909897,0.909897,0.414835,-69.95,-79.55,28,0.820087,-0.572239,0.572239,0.820087,-59.35,-102.8,21,0.172831,0.984951,-0.984951,0.172831,-72.6,-53.95,24,0.428521,0.903532,-0.903532,0.428521,-67.95,-27.45,27,0.853884,0.520463,-0.520463,0.853884,-57.35,-5.1,23,0.004739,-0.999989,0.999989,0.004739,-36.55,-54.8,29,-0.004831,-0.999988,0.999988,-0.004831,-36.4,-86.45,22,0,1,-1,0,-36.7,-54.95,26,0.010033,0.99995,-0.99995,0.010033,-36.7,-21.7],"edges":[2,8,8,4,5,10,3,14,14,2,10,16,16,3,18,5,4,22,22,0,0,23,23,1,1,32,32,18],"userEdges":[]}]},{"name":"calf_l","display":[{"name":"m12/calf_l","transform":{"x":18.94,"y":-0.28,"skX":-48.92,"skY":-48.92}}]},{"name":"thigh_l","display":[{"name":"m12/thigh_l","transform":{"x":14.93,"y":-0.06,"skX":-70.93,"skY":-70.93}}]},{"name":"thigh_r","display":[{"name":"m12/thigh_r","transform":{"x":15.71,"y":0.26,"skX":-145.48,"skY":-145.48}}]},{"name":"upperarm_l","display":[{"name":"m12/upperarm_l","transform":{"x":13.86,"y":-0.01,"skX":-24.52,"skY":-24.52}}]},{"name":"forearm_l","display":[{"name":"m12/forearm_l","transform":{"x":13.83,"y":-0.28,"skX":-54.46,"skY":-54.46}}]},{"name":"forearm_r","display":[{"name":"m12/forearm_r","transform":{"x":14.17,"y":-0.16,"skX":-115.38,"skY":-115.38}}]},{"name":"calf_r","display":[{"name":"m12/calf_r","transform":{"x":17.91,"y":-0.05,"skX":-99.38,"skY":-99.38}}]},{"name":"shadow2","display":[{"name":"m12/shadow2"}]},{"name":"spine1","display":[{"name":"m12/spine1","transform":{"x":3.71,"y":-3.54,"skX":-100.45,"skY":-100.45}}]}]}],"animation":[{"duration":24,"playTimes":0,"name":"Idle","bone":[{"name":"m_centre","translateFrame":[{"duration":12,"tweenEasing":0},{"duration":12,"tweenEasing":0,"x":2.33,"y":2.33},{"duration":0}]},{"name":"spine11","rotateFrame":[{"duration":12,"tweenEasing":0},{"duration":12,"tweenEasing":0,"rotate":-10},{"duration":0}]},{"name":"upperarm_l","rotateFrame":[{"duration":12,"tweenEasing":0},{"duration":12,"tweenEasing":0,"rotate":-8},{"duration":0}]},{"name":"upperarm_r","rotateFrame":[{"duration":12,"tweenEasing":0},{"duration":12,"tweenEasing":0,"rotate":6},{"duration":0}]},{"name":"head","rotateFrame":[{"duration":12,"tweenEasing":0},{"duration":12,"tweenEasing":0,"rotate":-6},{"duration":0}]}],"slot":[{"name":"arrow","displayFrame":[{"duration":24,"value":-1}]}],"zOrder":{"frame":[{"duration":24,"zOrder":[12,-5]}]}},{"duration":4,"playTimes":0,"name":"Hurt","bone":[{"name":"m_centre","translateFrame":[{"duration":4,"tweenEasing":0},{"duration":0,"x":8.71,"y":1.55}],"rotateFrame":[{"duration":4,"tweenEasing":0},{"duration":0,"rotate":20}]},{"name":"spine","rotateFrame":[{"duration":4,"tweenEasing":0},{"duration":0,"rotate":2}]},{"name":"spine1","rotateFrame":[{"duration":4,"tweenEasing":0},{"duration":0,"rotate":3}]},{"name":"spine11","rotateFrame":[{"duration":4,"tweenEasing":0},{"duration":0,"rotate":-36.7}]},{"name":"upperarm_l","rotateFrame":[{"duration":4,"tweenEasing":0},{"duration":0,"rotate":-7}]},{"name":"upperarm_r","rotateFrame":[{"duration":4,"tweenEasing":0},{"duration":0,"rotate":7}]},{"name":"head","rotateFrame":[{"duration":4,"tweenEasing":0},{"duration":0,"rotate":18}]}],"slot":[{"name":"arrow","displayFrame":[{"duration":4,"value":-1}]}],"zOrder":{"frame":[{"duration":4,"zOrder":[12,-5]}]}},{"duration":12,"playTimes":0,"name":"Died","bone":[{"name":"m_centre","translateFrame":[{"duration":4,"tweenEasing":0,"x":8.71,"y":1.55},{"duration":4,"tweenEasing":0,"x":8.71,"y":5.16},{"duration":4,"tweenEasing":0,"x":21.13,"y":-6.12},{"duration":0,"x":43.52,"y":51.29}],"rotateFrame":[{"duration":12,"rotate":20}]},{"name":"bone_ikTarget1","translateFrame":[{"duration":8,"tweenEasing":0},{"duration":4,"tweenEasing":0,"x":-4.98,"y":-74.03},{"duration":0,"x":18.8,"y":-1.52}]},{"name":"bone_ikTarget","translateFrame":[{"duration":8,"tweenEasing":0},{"duration":4,"tweenEasing":0,"x":-66.37,"y":-35.35},{"duration":0,"x":-53.14,"y":-3.3}]},{"name":"spine","rotateFrame":[{"duration":12,"tweenEasing":0,"rotate":2},{"duration":0,"rotate":66}]},{"name":"spine1","rotateFrame":[{"duration":8,"tweenEasing":0,"rotate":3},{"duration":4,"rotate":-12}]},{"name":"spine11","translateFrame":[{"duration":12},{"duration":0,"x":2.46,"y":-7.93}],"rotateFrame":[{"duration":8,"tweenEasing":0,"rotate":-36.7},{"duration":4,"rotate":1.3}]},{"name":"upperarm_l","rotateFrame":[{"duration":12,"tweenEasing":0,"rotate":-7},{"duration":0,"rotate":56.23}]},{"name":"upperarm_r","rotateFrame":[{"duration":12,"tweenEasing":0,"rotate":7},{"duration":0,"rotate":-24}]},{"name":"head","rotateFrame":[{"duration":8,"tweenEasing":0,"rotate":18},{"duration":4,"tweenEasing":0,"rotate":-16},{"duration":0,"rotate":9}]},{"name":"bow","translateFrame":[{"duration":12,"tweenEasing":0},{"duration":0,"x":34.07,"y":45.18}],"rotateFrame":[{"duration":12,"tweenEasing":0},{"duration":0,"rotate":61}]}],"slot":[{"name":"arrow","displayFrame":[{"duration":12,"value":-1}]}],"zOrder":{"frame":[{"duration":12,"zOrder":[12,-5]}]}},{"duration":12,"playTimes":0,"name":"Run","bone":[{"name":"m_centre","translateFrame":[{"duration":3,"tweenEasing":0},{"duration":3,"tweenEasing":0,"y":-6.19},{"duration":3,"tweenEasing":0},{"duration":3,"tweenEasing":0,"y":-6.19},{"duration":0}]},{"name":"bone_ikTarget1","translateFrame":[{"tweenEasing":0},{"duration":2,"tweenEasing":0,"x":-3.65,"y":-2.61},{"duration":3,"tweenEasing":0,"x":29.67,"y":-9.96},{"duration":3,"tweenEasing":0,"x":73.88,"y":-28.54},{"tweenEasing":0,"x":61.16,"y":-0.55},{"duration":2,"tweenEasing":0,"x":30.41,"y":0.39},{"duration":0}]},{"name":"bone_ikTarget","translateFrame":[{"duration":3,"tweenEasing":0,"x":10.93,"y":-29.51},{"tweenEasing":0,"x":-6.84,"y":-2.6},{"duration":2,"tweenEasing":0,"x":-32.82,"y":-1.98},{"tweenEasing":0,"x":-63.7,"y":-2.6},{"duration":2,"tweenEasing":0,"x":-70.53,"y":-6.76},{"duration":3,"tweenEasing":0,"x":-35.31,"y":-10.13},{"duration":0,"x":10.93,"y":-29.51}]},{"name":"spine","rotateFrame":[{"duration":3,"tweenEasing":0},{"duration":3,"tweenEasing":0,"rotate":2},{"duration":3,"tweenEasing":0},{"duration":3,"tweenEasing":0,"rotate":3},{"duration":0}]},{"name":"spine1","rotateFrame":[{"duration":3,"tweenEasing":0},{"duration":3,"tweenEasing":0,"rotate":-4},{"duration":3,"tweenEasing":0},{"duration":3,"tweenEasing":0,"rotate":-3},{"duration":0}]},{"name":"upperarm_l","rotateFrame":[{"duration":6,"tweenEasing":0},{"duration":6,"tweenEasing":0,"rotate":19},{"duration":0}]},{"name":"upperarm_r","rotateFrame":[{"duration":6,"tweenEasing":0},{"duration":6,"tweenEasing":0,"rotate":-11},{"duration":0}]}],"slot":[{"name":"arrow","displayFrame":[{"duration":12,"value":-1}]}],"zOrder":{"frame":[{"duration":12,"zOrder":[12,-5]}]}},{"duration":6,"playTimes":0,"name":"Attack","frame":[{"duration":4},{"duration":0,"events":[{"ints":[12],"name":"checkAttack"}]}],"bone":[{"name":"m_centre","translateFrame":[{"duration":2,"tweenEasing":0},{"duration":2,"tweenEasing":0,"x":3.51,"y":-2.18},{"duration":2,"tweenEasing":0,"x":3.51,"y":-2.18},{"duration":0}],"rotateFrame":[{"duration":2,"tweenEasing":0},{"duration":2,"tweenEasing":0,"rotate":50},{"duration":2,"tweenEasing":0,"rotate":50},{"duration":0}]},{"name":"spine","rotateFrame":[{"duration":2,"tweenEasing":0,"rotate":-9},{"duration":2,"tweenEasing":0},{"duration":2,"tweenEasing":0},{"duration":0,"rotate":2}]},{"name":"spine1","rotateFrame":[{"duration":2,"tweenEasing":0,"rotate":-11},{"duration":2,"tweenEasing":0,"rotate":20.79},{"duration":2,"tweenEasing":0,"rotate":20.79},{"duration":0,"rotate":7}]},{"name":"spine11","rotateFrame":[{"duration":2,"tweenEasing":0},{"duration":2,"tweenEasing":0,"rotate":-58.7},{"duration":2,"tweenEasing":0,"rotate":-58.7},{"duration":0}]},{"name":"upperarm_l","rotateFrame":[{"duration":2,"tweenEasing":0,"rotate":-50.77},{"duration":2,"tweenEasing":0,"rotate":-36.77},{"duration":2,"tweenEasing":0,"rotate":-36.77},{"duration":0,"rotate":-50.77}]},{"name":"upperarm_r","rotateFrame":[{"duration":2,"tweenEasing":0},{"duration":2,"tweenEasing":0,"rotate":25},{"duration":2,"tweenEasing":0,"rotate":25},{"duration":0,"rotate":6}]},{"name":"forearm_l","rotateFrame":[{"duration":2,"tweenEasing":0,"rotate":133},{"duration":2,"tweenEasing":0,"rotate":144},{"duration":2,"tweenEasing":0,"rotate":144},{"duration":0,"rotate":133}]},{"name":"forearm_r","rotateFrame":[{"duration":2,"tweenEasing":0,"rotate":41},{"duration":2,"tweenEasing":0,"rotate":49.67},{"duration":2,"tweenEasing":0,"rotate":49.67},{"duration":0,"rotate":48}]},{"name":"bow","translateFrame":[{"duration":6,"tweenEasing":0,"x":30.15,"y":15.17},{"duration":0,"x":24.24,"y":12.8}],"rotateFrame":[{"duration":2,"tweenEasing":0,"rotate":-49.13},{"duration":2,"tweenEasing":0,"rotate":-48.13},{"duration":2,"tweenEasing":0,"rotate":-55.13},{"duration":0,"rotate":-104.13}]},{"name":"bow1","rotateFrame":[{"duration":2,"tweenEasing":0},{"duration":2,"tweenEasing":0,"rotate":3},{"duration":2}]},{"name":"bow_a","translateFrame":[{"duration":2},{"duration":2,"tweenEasing":0,"x":27.53,"y":-5.72},{"duration":2,"x":-1.69,"y":-0.42}]},{"name":"bow4","rotateFrame":[{"duration":2,"tweenEasing":0},{"duration":2,"tweenEasing":0,"rotate":-10},{"duration":2}]},{"name":"bow7","rotateFrame":[{"tweenEasing":0},{"tweenEasing":0,"rotate":-3},{"duration":2,"tweenEasing":0,"rotate":-27},{"duration":2}]},{"name":"bow9","rotateFrame":[{"tweenEasing":0},{"tweenEasing":0,"rotate":6},{"duration":2,"tweenEasing":0,"rotate":18},{"duration":2}]}],"slot":[{"name":"arrow","displayFrame":[{"duration":4},{"duration":2,"value":-1}]}]}],"defaultActions":[{"gotoAndPlay":"Idle"}]}]}