{"frameRate":24,"name":"monster_2","version":"5.5","compatibleVersion":"5.5","armature":[{"type":"Armature","frameRate":24,"name":"Armature","aabb":{"x":-208.11,"y":-298.35,"width":329,"height":332},"bone":[{"name":"root"},{"name":"m_centre","parent":"root","transform":{"y":-70}},{"name":"bone_ikTarget","parent":"root","transform":{"x":63.5718,"y":-17.8057}},{"name":"bone_ikTarget1","parent":"root","transform":{"x":-45.4213,"y":-6.6556}},{"name":"shadow2","parent":"root"},{"name":"fx1","parent":"root","transform":{"x":-157.3891,"y":-37.4054,"skX":-13,"skY":-13,"scX":1.2,"scY":1.2}},{"length":35,"name":"spine","parent":"m_centre","transform":{"x":-1.4946,"y":1.1157,"skX":-96.2596,"skY":-96.2596}},{"length":43,"name":"thigh_l","parent":"m_centre","transform":{"x":-0.95,"y":-0.05,"skX":67.2898,"skY":67.2898}},{"length":42,"name":"thigh_r","parent":"m_centre","transform":{"x":-3.1,"y":3.05,"skX":152.6212,"skY":152.6212}},{"length":49,"name":"calf_l","parent":"thigh_l","transform":{"x":43.9039,"skX":-53.4222,"skY":-53.4222}},{"length":41,"name":"calf_r","parent":"thigh_r","transform":{"x":42.5119,"skX":-56.2197,"skY":-56.2197}},{"length":25,"name":"spine1","parent":"spine","transform":{"x":38.9956,"y":0.4042,"skX":0.0682,"skY":0.0682}},{"length":33,"name":"foot_l","parent":"calf_l","transform":{"x":49.4411,"skX":52.6778,"skY":52.6778}},{"length":40,"name":"upperarm_l","parent":"spine1","transform":{"x":12.4625,"y":0.0946,"skX":111.8828,"skY":111.8828}},{"length":36,"name":"upperarm_r","parent":"spine1","transform":{"x":12.3122,"y":-0.3743,"skX":-106.0314,"skY":-106.0314}},{"length":40,"name":"foot_r","parent":"calf_r","transform":{"x":41.2572,"skX":69.2188,"skY":69.2188}},{"length":79,"name":"head1","parent":"spine1","transform":{"x":24.3608,"y":-0.1737,"skX":0.4231,"skY":0.4231}},{"length":72,"name":"forearm_r","parent":"upperarm_r","transform":{"x":36.6201,"skX":-29.2844,"skY":-29.2844}},{"length":74,"name":"forearm_l","parent":"upperarm_l","transform":{"x":40.1094,"y":0.0541,"skX":34.7009,"skY":34.7009}}],"slot":[{"name":"shadow2","parent":"shadow2"},{"name":"upperarm_r","parent":"upperarm_r"},{"name":"forearm_r","parent":"forearm_r"},{"name":"thigh_r","parent":"thigh_r"},{"name":"calf_r","parent":"calf_r"},{"name":"foot_r","parent":"foot_r"},{"name":"spine","parent":"spine1"},{"name":"thigh_l","parent":"thigh_l"},{"name":"calf_l","parent":"calf_l"},{"name":"foot_l","parent":"foot_l"},{"name":"head1","parent":"head1"},{"name":"upperarm_l","parent":"upperarm_l"},{"name":"forearm_l","parent":"forearm_l"},{"name":"fx1","parent":"fx1"}],"ik":[{"bendPositive":false,"chain":1,"name":"bone_ik","bone":"calf_l","target":"bone_ikTarget"},{"bendPositive":false,"chain":1,"name":"bone_ik1","bone":"calf_r","target":"bone_ikTarget1"}],"skin":[{"slot":[{"name":"head1","display":[{"name":"m2/head1","transform":{"x":37.31,"y":-2.9,"skX":95.77,"skY":95.77}},{"name":"m2/head2","transform":{"x":37.17,"y":-5.05,"skX":95.77,"skY":95.77}}]},{"name":"fx1","display":[{"name":"m2/fx1","transform":{"x":110.18,"y":-55.76}},{"name":"m2/fx2","transform":{"x":110.18,"y":-55.76}},{"name":"m2/fx3","transform":{"x":110.18,"y":-55.76}},{"name":"m2/fx4","transform":{"x":110.18,"y":-55.76}}]},{"name":"upperarm_l","display":[{"name":"m2/upperarm_l","transform":{"x":20.31,"y":0.57,"skX":-15.69,"skY":-15.69}}]},{"name":"calf_r","display":[{"name":"m2/calf_r","transform":{"x":20.55,"y":-0.14,"skX":-96.4,"skY":-96.4}}]},{"name":"thigh_l","display":[{"name":"m2/thigh_l","transform":{"x":22.26,"y":0.15,"skX":-67.29,"skY":-67.29}}]},{"name":"forearm_r","display":[{"name":"m2/forearm_r","transform":{"x":40.99,"y":0.95,"skX":-128.49,"skY":-128.49}}]},{"name":"foot_r","display":[{"name":"m2/foot_r","transform":{"x":19.22,"y":-4.3,"skX":-165.62,"skY":-165.62}}]},{"name":"shadow2","display":[{"name":"m2/shadow2","transform":{"scX":1.5,"scY":1.3}}]},{"name":"foot_l","display":[{"name":"m2/foot_l","transform":{"x":19.89,"y":-4.75,"skX":-66.55,"skY":-66.55}}]},{"name":"forearm_l","display":[{"name":"m2/forearm_l","transform":{"x":41.71,"y":-1.56,"skX":-50.39,"skY":-50.39}}]},{"name":"calf_l","display":[{"name":"m2/calf_l","transform":{"x":23.84,"y":-0.52,"skX":-13.87,"skY":-13.87}}]},{"name":"thigh_r","display":[{"name":"m2/thigh_r","transform":{"x":21.38,"y":-0.18,"skX":-152.62,"skY":-152.62}}]},{"name":"spine","display":[{"type":"mesh","name":"m2/spine","width":17,"height":73,"vertices":[-11.5,-134.46,5.5,-134.46,-11.5,-61.46,5.5,-61.46,-11.5,-103.1,5.5,-103.25,-11.5,-96.95,5.5,-96.85,5.5,-109.85,-11.5,-109.7],"uvs":[0,0,1,0,0,1,1,1,0,0.42958,1,0.42479,0,0.51383,1,0.5152,1,0.33712,0,0.33917],"triangles":[6,2,7,4,6,7,7,2,3,0,9,8,0,8,1,4,7,5,8,9,5,9,4,5],"weights":[1,11,1,1,11,1,1,6,1,1,6,1,2,6,0.504934,11,0.495066,2,6,0.5,11,0.5,2,6,0.75,11,0.25,2,6,0.75,11,0.25,2,6,0.25,11,0.75,2,6,0.26,11,0.74],"slotPose":[1,0,0,1,0,0],"bonePose":[6,-0.109033,-0.994038,0.994038,-0.109033,0.2,-66.292821,11,-0.107849,-0.994167,0.994167,-0.107849,-3.65,-105.1],"edges":[0,1,3,2,2,6,6,4,5,7,7,3,1,8,8,5,4,9,9,0],"userEdges":[]}]},{"name":"upperarm_r","display":[{"name":"m2/upperarm_r","transform":{"x":17.73,"y":-0.69,"skX":-157.78,"skY":-157.78}}]}]}],"animation":[{"duration":24,"playTimes":0,"name":"Idle","bone":[{"name":"m_centre","translateFrame":[{"duration":12,"tweenEasing":0},{"duration":12,"tweenEasing":0,"y":3.94},{"duration":0}]},{"name":"upperarm_l","rotateFrame":[{"duration":12,"tweenEasing":0},{"duration":12,"tweenEasing":0,"rotate":11},{"duration":0}]},{"name":"upperarm_r","rotateFrame":[{"duration":12,"tweenEasing":0},{"duration":12,"tweenEasing":0,"rotate":-7},{"duration":0}]},{"name":"foot_l","rotateFrame":[{"duration":24,"rotate":78}],"scaleFrame":[{"duration":24,"x":-1}]},{"name":"bone_ikTarget","translateFrame":[{"duration":24,"x":-6.56,"y":12.71}]}],"slot":[{"name":"fx1","displayFrame":[{"duration":24,"value":-1}]}],"ik":[{"name":"bone_ik","frame":[{"duration":24}]}]},{"duration":4,"playTimes":0,"name":"Hurt","bone":[{"name":"m_centre","translateFrame":[{"duration":4,"tweenEasing":0,"x":-0.43,"y":-6.29},{"duration":0,"x":5.9,"y":-8.47}]},{"name":"bone_ikTarget","translateFrame":[{"duration":4,"tweenEasing":0,"x":-20.86,"y":10.45},{"duration":0,"x":-19.41,"y":10.45}]},{"name":"bone_ikTarget1","translateFrame":[{"duration":4,"x":4.53,"y":1.4}]},{"name":"spine","rotateFrame":[{"duration":4,"tweenEasing":0},{"duration":0,"rotate":13}]},{"name":"spine1","rotateFrame":[{"duration":4,"tweenEasing":0,"rotate":-4},{"duration":0,"rotate":11}]},{"name":"head1","rotateFrame":[{"duration":4,"tweenEasing":0},{"duration":0,"rotate":9}]},{"name":"upperarm_l","rotateFrame":[{"duration":4,"tweenEasing":0},{"duration":0,"rotate":27}]},{"name":"upperarm_r","rotateFrame":[{"duration":4,"tweenEasing":0},{"duration":0,"rotate":-49}]},{"name":"forearm_l","rotateFrame":[{"duration":4,"tweenEasing":0},{"duration":0,"rotate":14}]},{"name":"foot_l","rotateFrame":[{"duration":4,"rotate":57}]},{"name":"forearm_r","rotateFrame":[{"duration":4,"tweenEasing":0},{"duration":0,"rotate":11}]}],"slot":[{"name":"fx1","displayFrame":[{"duration":4,"value":-1}]}]},{"duration":12,"playTimes":0,"name":"Died","bone":[{"name":"m_centre","translateFrame":[{"duration":6,"tweenEasing":0,"x":5.9,"y":-8.47},{"duration":6,"tweenEasing":0,"x":12.62,"y":-27.06},{"duration":0,"x":31.56,"y":65.41}],"rotateFrame":[{"duration":12,"tweenEasing":0},{"duration":0,"rotate":84}]},{"name":"bone_ikTarget","translateFrame":[{"duration":6,"tweenEasing":0,"x":-19.41,"y":10.45},{"duration":6,"tweenEasing":0,"x":-135.83,"y":-53.23},{"duration":0,"x":-122.51,"y":13.03}]},{"name":"bone_ikTarget1","translateFrame":[{"duration":6,"tweenEasing":0,"x":4.53,"y":1.4},{"duration":6,"tweenEasing":0,"x":-19.09,"y":-85.12},{"duration":0,"x":-5.67,"y":-1.29}]},{"name":"spine","rotateFrame":[{"duration":6,"tweenEasing":0,"rotate":13},{"duration":6,"tweenEasing":0,"rotate":-14},{"duration":0,"rotate":4}]},{"name":"spine1","rotateFrame":[{"duration":12,"rotate":11}]},{"name":"head1","rotateFrame":[{"duration":12,"tweenEasing":0,"rotate":9},{"duration":0,"rotate":-17}]},{"name":"upperarm_l","rotateFrame":[{"duration":6,"tweenEasing":0,"rotate":27},{"duration":6,"tweenEasing":0,"rotate":129.12},{"duration":0,"rotate":50.12}]},{"name":"upperarm_r","rotateFrame":[{"duration":6,"tweenEasing":0,"rotate":-38},{"duration":6,"tweenEasing":0,"rotate":1},{"duration":0,"rotate":-87.97}]},{"name":"forearm_l","rotateFrame":[{"duration":12,"tweenEasing":0,"rotate":14},{"duration":0,"rotate":-13}]},{"name":"foot_l","rotateFrame":[{"duration":6,"tweenEasing":0,"rotate":57},{"duration":6,"rotate":-30}]},{"name":"foot_r","rotateFrame":[{"duration":6,"tweenEasing":0},{"duration":6,"rotate":-53}]},{"name":"forearm_r","rotateFrame":[{"duration":6,"tweenEasing":0,"rotate":11},{"duration":6,"tweenEasing":0,"rotate":80},{"duration":0,"rotate":29}]}],"slot":[{"name":"head1","displayFrame":[{"duration":12},{"duration":0,"value":1}]},{"name":"fx1","displayFrame":[{"duration":12,"value":-1}]}],"ik":[{"name":"bone_ik","frame":[{"duration":6},{"duration":6,"tweenEasing":0,"bendPositive":false},{"duration":0,"bendPositive":false}]},{"name":"bone_ik1","frame":[{"duration":6},{"duration":6,"tweenEasing":0,"bendPositive":false},{"duration":0,"bendPositive":false}]}]},{"duration":9,"playTimes":0,"name":"Attack","frame":[{"duration":4},{"duration":0,"events":[{"ints":[2],"name":"checkAttack"}]}],"bone":[{"name":"m_centre","translateFrame":[{"duration":4,"tweenEasing":0,"x":-0.43,"y":-6.29},{"duration":5,"x":-12.96,"y":-0.71}]},{"name":"bone_ikTarget","translateFrame":[{"duration":9,"x":-20.86,"y":10.45}]},{"name":"bone_ikTarget1","translateFrame":[{"duration":9,"x":4.53,"y":1.4}]},{"name":"spine","rotateFrame":[{"duration":4,"tweenEasing":0,"rotate":29},{"duration":5,"rotate":-40}]},{"name":"spine1","rotateFrame":[{"duration":4,"tweenEasing":0,"rotate":13},{"duration":5,"rotate":-24}]},{"name":"head1","rotateFrame":[{"duration":4,"tweenEasing":0},{"duration":5,"rotate":-12}]},{"name":"upperarm_l","rotateFrame":[{"duration":4,"tweenEasing":0,"rotate":-145},{"duration":5,"rotate":165}]},{"name":"upperarm_r","rotateFrame":[{"duration":4,"tweenEasing":0,"rotate":46},{"duration":5,"rotate":20}]},{"name":"forearm_l","rotateFrame":[{"tweenEasing":0},{"tweenEasing":0,"rotate":-4.85},{"duration":2,"tweenEasing":0,"rotate":138.3},{"duration":5,"rotate":131.3}],"scaleFrame":[{"duration":2},{"duration":7,"x":-1}]},{"name":"foot_l","rotateFrame":[{"duration":9,"rotate":84}]},{"name":"forearm_r","rotateFrame":[{"duration":4,"tweenEasing":0,"rotate":65},{"duration":5,"rotate":11}]}],"slot":[{"name":"head1","displayFrame":[{"duration":4,"value":1},{"duration":5}]},{"name":"fx1","displayFrame":[{"duration":4,"value":-1},{},{"value":1},{"value":2},{"duration":2,"value":3}],"colorFrame":[{"duration":8},{"tweenEasing":0,"value":{"aM":50}},{"duration":0,"value":{"aM":0}}]}]},{"duration":10,"playTimes":0,"name":"Run","bone":[{"name":"m_centre","translateFrame":[{"duration":4,"tweenEasing":0,"x":-0.43,"y":-0.9},{"duration":2,"tweenEasing":0,"x":-0.43,"y":-14.95},{"duration":4,"tweenEasing":0,"x":-0.43,"y":-15.78},{"duration":0,"x":-0.43,"y":-0.9}]},{"name":"bone_ikTarget","translateFrame":[{"duration":2,"tweenEasing":0,"x":4.32,"y":-13.16},{"duration":2,"tweenEasing":0,"x":-14.31,"y":-16.86},{"duration":2,"tweenEasing":0,"x":-35.67,"y":-25.87},{"duration":2,"tweenEasing":0,"x":-59.47,"y":-3.25},{"duration":2,"tweenEasing":0,"x":-110.8,"y":8.97},{"duration":0,"x":-119.58,"y":9.56}]},{"name":"bone_ikTarget1","translateFrame":[{"duration":2,"tweenEasing":0,"x":-12,"y":-4.11},{"duration":2,"tweenEasing":0,"x":-0.72,"y":-5.57},{"duration":2,"tweenEasing":0,"x":16.17,"y":-0.83},{"duration":2,"tweenEasing":0,"x":47.23,"y":6},{"duration":2,"tweenEasing":0,"x":75.15,"y":1.13},{"duration":0,"x":111.47,"y":-25.68}]},{"name":"spine","rotateFrame":[{"duration":5,"tweenEasing":0,"rotate":-37},{"duration":5,"tweenEasing":0,"rotate":-34},{"duration":0,"rotate":-37}]},{"name":"spine1","rotateFrame":[{"duration":5,"tweenEasing":0,"rotate":-29},{"duration":5,"tweenEasing":0,"rotate":-19},{"duration":0,"rotate":-29}]},{"name":"head1","rotateFrame":[{"duration":5,"tweenEasing":0,"rotate":53},{"duration":5,"tweenEasing":0,"rotate":38},{"duration":0,"rotate":53}]},{"name":"upperarm_l","rotateFrame":[{"duration":5,"tweenEasing":0,"rotate":36},{"duration":5,"tweenEasing":0,"rotate":24},{"duration":0,"rotate":36}]},{"name":"upperarm_r","rotateFrame":[{"duration":5,"tweenEasing":0,"rotate":-109},{"duration":5,"tweenEasing":0,"rotate":-116},{"duration":0,"rotate":-109}]},{"name":"forearm_l","rotateFrame":[{"duration":5,"tweenEasing":0,"rotate":-11},{"duration":5,"tweenEasing":0,"rotate":-23},{"duration":0,"rotate":-11}]},{"name":"foot_l","rotateFrame":[{"duration":6,"tweenEasing":0,"rotate":10},{"duration":2,"tweenEasing":0,"rotate":58},{"duration":2,"tweenEasing":0,"rotate":49},{"duration":0,"rotate":46}]},{"name":"foot_r","rotateFrame":[{"duration":2,"tweenEasing":0,"rotate":17},{"duration":4,"tweenEasing":0,"rotate":17},{"duration":2,"tweenEasing":0,"rotate":20},{"duration":2,"tweenEasing":0,"rotate":49.5},{"duration":0,"rotate":-19}]},{"name":"forearm_r","rotateFrame":[{"duration":5,"tweenEasing":0,"rotate":-131.72},{"duration":5,"tweenEasing":0,"rotate":-153.72},{"duration":0,"rotate":-131.72}],"scaleFrame":[{"duration":10,"x":-1}]}],"slot":[{"name":"head1","displayFrame":[{"duration":10,"value":1}]},{"name":"fx1","displayFrame":[{"duration":10,"value":-1}]}]}],"defaultActions":[{"gotoAndPlay":"Idle"}]}]}