{"SubTexture":[{"width":146,"y":429,"height":46,"name":"m9/shadow2","x":414},{"width":26,"y":434,"height":42,"name":"m9/thigh_r","x":47},{"width":79,"y":335,"height":97,"name":"m9/calf_r","x":1},{"width":24,"y":466,"height":40,"name":"m9/thigh_l","x":1},{"width":72,"y":335,"height":104,"name":"m9/calf_l","x":82},{"width":44,"y":434,"height":30,"name":"m9/upperarm_r","x":1},{"width":80,"y":304,"height":125,"name":"m9/forearm_r","x":332},{"width":78,"y":335,"height":90,"name":"m9/spine","x":156},{"width":44,"y":399,"height":26,"name":"m9/upperarm_l","x":495},{"width":79,"y":304,"height":123,"name":"m9/forearm_l","x":414},{"width":64,"y":304,"height":93,"name":"m9/head","x":495},{"frameHeight":332,"y":1,"frameX":-2,"width":228,"frameY":-30,"height":301,"name":"m9/m9_fx2","frameWidth":330,"x":332},{"frameHeight":332,"y":1,"frameX":-1,"width":329,"frameY":0,"height":332,"name":"m9/m9_fx1","frameWidth":330,"x":1},{"frameHeight":332,"y":246,"frameX":-1,"width":132,"frameY":-134,"height":192,"name":"m9/m9_fx4","frameWidth":330,"x":562},{"frameHeight":332,"y":1,"frameX":-1,"width":168,"frameY":-87,"height":243,"name":"m9/m9_fx3","frameWidth":330,"x":562}],"width":732,"height":508,"name":"monster_9","imagePath":"monster_9_tex.png"}