{"frameRate":24,"name":"monster_5","version":"5.5","compatibleVersion":"5.5","armature":[{"type":"Armature","frameRate":24,"name":"Armature","aabb":{"x":-73,"y":-206.51,"width":208.04,"height":337.9},"bone":[{"name":"root"},{"name":"m_centre","parent":"root","transform":{"y":-77.6692}},{"name":"bone_ikTarget1","parent":"root","transform":{"x":-23.293,"y":-0.6593}},{"name":"bone_ikTarget","parent":"root","transform":{"x":23.4752,"y":-1.1757}},{"name":"shadow2","parent":"root","transform":{"y":7.45}},{"name":"m5_fx1","parent":"root","transform":{"x":-53.8071,"y":-12.8043,"scX":-1.5,"scY":-1.5}},{"length":26,"name":"spine","parent":"m_centre","transform":{"x":-0.7069,"y":-1.8513,"skX":-94.5913,"skY":-94.5913}},{"length":41,"name":"thigh_r","parent":"m_centre","transform":{"x":-0.95,"y":-1.6808,"skX":111.7381,"skY":111.7381}},{"length":39,"name":"thigh_l","parent":"m_centre","transform":{"x":0.85,"y":-0.9308,"skX":67.0031,"skY":67.0031}},{"length":42,"name":"calf_r","parent":"thigh_r","transform":{"x":40.2481,"y":0.1543,"skX":-11.7381,"skY":-11.7381}},{"length":46,"name":"calf_l","parent":"thigh_l","transform":{"x":35.1155,"y":-0.1428,"skX":12,"skY":12}},{"length":42,"name":"spine1","parent":"spine","transform":{"x":26.2342,"skX":0.39,"skY":0.39}},{"length":33,"name":"upperarm_l","parent":"spine1","transform":{"x":26.8365,"y":1.1692,"skX":136.7327,"skY":136.7327}},{"length":58,"name":"head","parent":"spine1","transform":{"x":33.7501,"y":-0.1277,"skX":3.0222,"skY":3.0222}},{"length":28,"name":"upperarm_r","parent":"spine1","transform":{"x":27.2337,"y":-1.5088,"skX":-125.6686,"skY":-125.6686}},{"length":33,"name":"forearm_l","parent":"upperarm_l","transform":{"x":31.208,"y":-0.4341,"skX":13.7314,"skY":13.7314}},{"length":40,"name":"forearm_r","parent":"upperarm_r","transform":{"x":25.0418,"y":0.3855,"skX":-15.2828,"skY":-15.2828}}],"slot":[{"name":"shadow2","parent":"shadow2"},{"name":"upperarm_r","parent":"upperarm_r"},{"name":"forearm_r","parent":"forearm_r"},{"name":"thigh_r","parent":"thigh_r"},{"name":"calf_r","parent":"calf_r"},{"name":"spine","parent":"spine1"},{"name":"thigh_l","parent":"thigh_l"},{"name":"calf_l","parent":"calf_l"},{"name":"upperarm_l","parent":"upperarm_l"},{"name":"forearm_l","parent":"forearm_l"},{"name":"head","parent":"head"},{"name":"m5_fx1","parent":"m5_fx1"}],"ik":[{"bendPositive":false,"chain":1,"name":"bone_ik1","bone":"calf_r","target":"bone_ikTarget1"},{"chain":1,"name":"bone_ik","bone":"calf_l","target":"bone_ikTarget"}],"skin":[{"slot":[{"name":"thigh_r","display":[{"name":"m5/thigh_r","transform":{"x":20.54,"y":-0.2,"skX":-111.74,"skY":-111.74}}]},{"name":"calf_l","display":[{"name":"m5/calf_l","transform":{"x":22.07,"y":0.21,"skX":-79.91,"skY":-79.91}}]},{"name":"forearm_l","display":[{"name":"m5/forearm_l","transform":{"x":16.94,"y":0.26,"skX":-56.26,"skY":-56.26}}]},{"name":"m5_fx1","display":[{"name":"m5/m5_fx1","transform":{"x":-59.23,"y":-42.13}},{"name":"m5/m5_fx3","transform":{"x":-59.23,"y":-42.13}},{"name":"m5/m5_fx5","transform":{"x":-59.23,"y":-42.13}},{"name":"m5/m5_fx7","transform":{"x":-59.23,"y":-42.13}},{"name":"m5/m5_fx9","transform":{"x":-59.23,"y":-42.13}},{"name":"m5/m5_fx11","transform":{"x":-59.23,"y":-42.13}},{"name":"m5/m5_fx12","transform":{"x":-59.23,"y":-42.13}}]},{"name":"head","display":[{"name":"m5/head","transform":{"x":27.15,"y":2.34,"skX":91.18,"skY":91.18}}]},{"name":"spine","display":[{"type":"mesh","name":"m5/spine","width":15,"height":76,"vertices":[-8.87,-147.19,6.13,-147.19,-8.87,-71.19,6.13,-71.37,6.13,-104.7,-8.87,-104.1,6.13,-99.1,-9.02,-98.6,-8.87,-109.65,6.13,-110.45],"uvs":[0,0,1,0,0,1,1,1,1,0.5591,0,0.567,1,0.63279,0,0.65055,0,0.49397,1,0.48345],"triangles":[5,7,6,6,7,3,7,2,3,0,8,9,0,9,1,5,6,4,9,8,4,8,5,4],"weights":[1,11,1,1,11,1,1,6,1,1,6,1,2,6,0.495836,11,0.504164,2,6,0.489147,11,0.510853,2,6,0.9,11,0.1,2,6,0.9,11,0.1,2,6,0.25,11,0.75,2,6,0.26,11,0.74],"slotPose":[1,0,0,1,0,0],"bonePose":[6,-0.080048,-0.996791,0.996791,-0.080048,0.55,-77.2,11,-0.073262,-0.997313,0.997313,-0.073262,-1.55,-103.35],"edges":[0,1,3,2,4,6,6,3,2,7,7,5,5,8,8,0,1,9,9,4],"userEdges":[]}]},{"name":"calf_r","display":[{"name":"m5/calf_r","transform":{"x":20.05,"y":-0.25,"skX":-99.65,"skY":-99.65}}]},{"name":"upperarm_l","display":[{"name":"m5/upperarm_l","transform":{"x":16.64,"y":-0.33,"skX":-42.53,"skY":-42.53}}]},{"name":"thigh_l","display":[{"name":"m5/thigh_l","transform":{"x":18.21,"y":0.36,"skX":-67,"skY":-67}}]},{"name":"forearm_r","display":[{"name":"m5/forearm_r","transform":{"x":20.53,"y":0.15,"skX":-124.85,"skY":-124.85}}]},{"name":"shadow2","display":[{"name":"m5/shadow2","transform":{"y":-7.45}}]},{"name":"upperarm_r","display":[{"name":"m5/upperarm_r","transform":{"x":13.5,"y":-0.07,"skX":-140.13,"skY":-140.13}}]}]}],"animation":[{"duration":24,"playTimes":0,"name":"Idle","bone":[{"name":"m_centre","translateFrame":[{"duration":12,"tweenEasing":0,"y":0.31},{"duration":12,"tweenEasing":0,"x":1.43,"y":2.04},{"duration":0,"y":0.31}]},{"name":"spine","translateFrame":[{"duration":12,"tweenEasing":0},{"duration":12,"tweenEasing":0,"y":1.6},{"duration":0}],"rotateFrame":[{"duration":12,"tweenEasing":0},{"duration":12,"tweenEasing":0,"rotate":4},{"duration":0}]},{"name":"upperarm_r","rotateFrame":[{"duration":12,"tweenEasing":0},{"duration":12,"tweenEasing":0,"rotate":-8},{"duration":0}]},{"name":"upperarm_l","rotateFrame":[{"duration":12,"tweenEasing":0},{"duration":12,"tweenEasing":0,"rotate":5},{"duration":0}]},{"name":"head","rotateFrame":[{"duration":12,"tweenEasing":0},{"duration":12,"tweenEasing":0,"rotate":5},{"duration":0}]},{"name":"bone_ikTarget","translateFrame":[{"duration":24,"x":2.2,"y":-1.26}]},{"name":"bone_ikTarget1","translateFrame":[{"duration":24,"x":-2.2,"y":-0.94}]}],"slot":[{"name":"m5_fx1","displayFrame":[{"duration":24,"value":-1}]}],"ik":[{"name":"bone_ik","frame":[{"duration":24,"tweenEasing":0,"bendPositive":false},{"duration":0,"bendPositive":false}]}]},{"duration":12,"playTimes":0,"name":"Run","bone":[{"name":"m_centre","translateFrame":[{"duration":3,"tweenEasing":0,"y":-2.18},{"duration":3,"tweenEasing":0,"y":0.63},{"duration":3,"tweenEasing":0,"y":-2.18},{"duration":3,"tweenEasing":0,"y":0.63},{"duration":0,"y":-2.18}]},{"name":"spine","rotateFrame":[{"duration":3,"tweenEasing":0},{"duration":3,"tweenEasing":0,"rotate":-3},{"duration":3,"tweenEasing":0},{"duration":3,"tweenEasing":0,"rotate":2},{"duration":0}]},{"name":"spine1","rotateFrame":[{"duration":12,"rotate":-9}]},{"name":"upperarm_r","rotateFrame":[{"duration":3,"tweenEasing":0},{"duration":3,"tweenEasing":0,"rotate":-85.33},{"duration":6,"tweenEasing":0,"rotate":-104.33},{"duration":0}]},{"name":"forearm_r","rotateFrame":[{"duration":12,"rotate":33}]},{"name":"upperarm_l","rotateFrame":[{"duration":6,"tweenEasing":0},{"duration":3,"tweenEasing":0,"rotate":87.27},{"duration":3,"tweenEasing":0,"rotate":19.64},{"duration":0,"rotate":-12}]},{"name":"forearm_l","rotateFrame":[{"duration":6},{"duration":6,"rotate":4}]},{"name":"bone_ikTarget","translateFrame":[{"duration":3,"tweenEasing":0,"x":33.56,"y":-41.02},{"duration":3,"tweenEasing":0,"x":-34.11,"y":-18.52},{"duration":2,"tweenEasing":0,"x":-63,"y":-11.34},{"tweenEasing":0,"x":-27.19,"y":-1.1},{"duration":3,"tweenEasing":0,"x":-1.76,"y":-1.02},{"duration":0,"x":33.56,"y":-41.02}]},{"name":"bone_ikTarget1","translateFrame":[{"duration":2,"tweenEasing":0,"x":-17.48,"y":-12.21},{"tweenEasing":0,"x":14.55,"y":-0.47},{"duration":3,"tweenEasing":0,"x":50.67,"y":-2.12},{"duration":3,"tweenEasing":0,"x":80.33,"y":-40.91},{"duration":3,"tweenEasing":0,"x":6.27,"y":-16.72},{"duration":0,"x":-17.48,"y":-12.21}]}],"slot":[{"name":"m5_fx1","displayFrame":[{"duration":12,"value":-1}]}],"ik":[{"name":"bone_ik","frame":[{"duration":6,"tweenEasing":0,"bendPositive":false},{"duration":6,"tweenEasing":0,"bendPositive":false},{"duration":0,"bendPositive":false}]}]},{"duration":4,"playTimes":0,"name":"Hurt","bone":[{"name":"m_centre","translateFrame":[{"duration":4,"tweenEasing":0,"y":0.31},{"duration":0,"x":6.69,"y":4.09}]},{"name":"spine","rotateFrame":[{"duration":4,"tweenEasing":0},{"duration":0,"rotate":19}]},{"name":"spine1","rotateFrame":[{"duration":4,"tweenEasing":0},{"duration":0,"rotate":12}]},{"name":"upperarm_r","rotateFrame":[{"duration":4,"tweenEasing":0},{"duration":0,"rotate":-54.33}]},{"name":"forearm_r","rotateFrame":[{"duration":4,"tweenEasing":0,"rotate":-1},{"duration":0,"rotate":38}]},{"name":"upperarm_l","rotateFrame":[{"duration":4,"tweenEasing":0},{"duration":0,"rotate":11.27}]},{"name":"bone_ikTarget","translateFrame":[{"duration":4,"x":2.2,"y":-1.26}]},{"name":"bone_ikTarget1","translateFrame":[{"duration":4,"x":-2.2,"y":-0.94}]}],"slot":[{"name":"m5_fx1","displayFrame":[{"duration":4,"value":-1}]}],"ik":[{"name":"bone_ik","frame":[{"duration":4,"bendPositive":false}]}]},{"duration":10,"playTimes":0,"name":"Attack","frame":[{"duration":4},{"duration":0,"events":[{"ints":[5],"name":"checkAttack"}]}],"bone":[{"name":"m_centre","translateFrame":[{"duration":4,"tweenEasing":0,"x":-14.09,"y":-3.65},{"duration":6,"x":-13.88,"y":-2.4}]},{"name":"spine","rotateFrame":[{"duration":4,"tweenEasing":0,"rotate":-12},{"duration":6,"rotate":17}]},{"name":"spine1","rotateFrame":[{"duration":4,"tweenEasing":0,"rotate":-7},{"duration":6,"rotate":3}]},{"name":"upperarm_r","rotateFrame":[{"duration":4,"tweenEasing":0,"rotate":-14},{"duration":6,"rotate":-34}]},{"name":"forearm_r","rotateFrame":[{"duration":10,"rotate":40}]},{"name":"upperarm_l","rotateFrame":[{"duration":4,"tweenEasing":0,"rotate":-8},{"duration":6,"rotate":5}]},{"name":"forearm_l","rotateFrame":[{"duration":10,"rotate":10}]},{"name":"head","rotateFrame":[{"duration":10,"rotate":-5}]},{"name":"bone_ikTarget","translateFrame":[{"duration":2,"tweenEasing":0,"x":34,"y":-89.28},{"tweenEasing":0,"x":-3.6,"y":-24.24},{"tweenEasing":0,"x":-82.2,"y":-22.91},{"duration":6,"x":-117.04,"y":-81.81}]},{"name":"bone_ikTarget1","translateFrame":[{"duration":10,"x":-2.2,"y":-0.94}]},{"name":"m5_fx1","translateFrame":[{"duration":10,"x":-38.28,"y":-75.14}]}],"slot":[{"name":"m5_fx1","displayFrame":[{"duration":3,"value":-1},{},{"value":1},{"value":2},{"value":3},{"value":4},{"value":5},{"value":6},{"duration":0,"value":-1}]}],"ik":[{"name":"bone_ik","frame":[{"duration":10,"bendPositive":false}]}]},{"duration":12,"playTimes":0,"name":"Died","bone":[{"name":"m_centre","translateFrame":[{"duration":6,"tweenEasing":0,"y":0.31},{"duration":6,"tweenEasing":0,"x":23.86,"y":3.51},{"duration":0,"x":72.38,"y":73.5}]},{"name":"spine","rotateFrame":[{"duration":6,"tweenEasing":0},{"duration":6,"tweenEasing":0,"rotate":50},{"duration":0,"rotate":96}]},{"name":"spine1","rotateFrame":[{"duration":6,"tweenEasing":0},{"duration":6,"tweenEasing":0,"rotate":-12},{"duration":0,"rotate":2}]},{"name":"upperarm_r","rotateFrame":[{"duration":12,"tweenEasing":0},{"duration":0,"rotate":-47.33}]},{"name":"upperarm_l","rotateFrame":[{"duration":12,"tweenEasing":0},{"duration":0,"rotate":43.27}]},{"name":"head","rotateFrame":[{"duration":12,"tweenEasing":0},{"duration":0,"rotate":-12}]},{"name":"bone_ikTarget","translateFrame":[{"duration":6,"tweenEasing":0,"x":2.2,"y":-1.26},{"duration":6,"tweenEasing":0,"x":-67.76,"y":-113.12},{"duration":0,"x":-27.42,"y":-1.74}]},{"name":"bone_ikTarget1","translateFrame":[{"duration":6,"tweenEasing":0,"x":-2.2,"y":-0.94},{"duration":6,"tweenEasing":0,"x":-29.01,"y":-88.24},{"duration":0,"x":12.63,"y":-5.3}]}],"slot":[{"name":"m5_fx1","displayFrame":[{"duration":12,"value":-1}]}],"ik":[{"name":"bone_ik","frame":[{"duration":12,"bendPositive":false}]}]}],"defaultActions":[{"gotoAndPlay":"Idle"}]}]}