{"SubTexture":[{"width":146,"y":257,"height":46,"name":"m6/shadow2","x":322},{"width":32,"y":213,"height":29,"name":"m6/upperarm_r","x":470},{"width":29,"y":37,"height":28,"name":"m6/forearm_r","x":467},{"width":27,"y":176,"height":35,"name":"m6/thigh_r","x":470},{"width":17,"y":67,"height":36,"name":"m6/calf_r","x":483},{"width":14,"y":67,"height":44,"name":"m6/thigh_l","x":467},{"width":25,"y":1,"height":34,"name":"m6/calf_l","x":467},{"width":31,"y":1,"height":28,"name":"m6/upperarm_l","x":434},{"width":26,"y":113,"height":24,"name":"m6/forearm_l","x":467},{"width":105,"y":406,"height":88,"name":"m6/spine","x":310},{"width":117,"y":332,"height":60,"name":"m6/head","x":315},{"frameHeight":145,"y":1,"frameX":-10,"width":328,"frameY":-31,"height":87,"name":"m6/m3_fx1","frameWidth":343,"x":1},{"frameHeight":145,"y":406,"frameX":-10,"width":307,"frameY":-43,"height":70,"name":"m6/m3_fx6","frameWidth":343,"x":1},{"frameHeight":145,"y":257,"frameX":-10,"width":319,"frameY":-41,"height":73,"name":"m6/m3_fx4","frameWidth":343,"x":1},{"frameHeight":145,"y":176,"frameX":-10,"width":326,"frameY":-38,"height":79,"name":"m6/m3_fx3","frameWidth":343,"x":1},{"frameHeight":145,"y":90,"frameX":-10,"width":329,"frameY":-33,"height":84,"name":"m6/m3_fx2","frameWidth":343,"x":1},{"frameHeight":145,"y":332,"frameX":-10,"width":312,"frameY":-41,"height":72,"name":"m6/m3_fx5","frameWidth":343,"x":1}],"width":504,"height":496,"name":"monster_6","imagePath":"monster_6_tex.png"}