{"frameRate":24,"name":"monster_8","version":"5.5","compatibleVersion":"5.5","armature":[{"type":"Armature","frameRate":24,"name":"Armature","aabb":{"x":-73,"y":-270.03,"width":146,"height":293.03},"bone":[{"name":"root"},{"name":"m_centre","parent":"root","transform":{"y":-111.4221,"skX":90,"skY":90}},{"name":"bone_ikTarget1","parent":"root","transform":{"x":-39.7353,"y":-5.6119}},{"name":"bone_ikTarget","parent":"root","transform":{"x":37.5414,"y":-3.2587}},{"name":"shadow2","parent":"root","transform":{"x":-0.6,"y":4.3}},{"length":59,"name":"thigh_l","parent":"m_centre","transform":{"x":1.6721,"y":-2.0689,"skX":-21.2132,"skY":-21.2132}},{"length":45,"name":"spine","parent":"m_centre","transform":{"x":5.2319,"y":1.0952,"skX":180,"skY":180}},{"length":59,"name":"thigh_r","parent":"m_centre","transform":{"x":-0.1779,"y":0.55,"skX":24.49,"skY":24.49}},{"length":54,"name":"calf_l","parent":"thigh_l","transform":{"x":58.2972,"y":0.4229,"skX":5.5364,"skY":5.5364}},{"length":32,"name":"spine1","parent":"spine","transform":{"x":45.1,"y":-0.25,"skX":0.4428,"skY":0.4428}},{"length":56,"name":"calf_r","parent":"thigh_r","transform":{"x":57.3736,"y":0.4073,"skX":-8.92,"skY":-8.92}},{"length":43,"name":"upperarm_l","parent":"spine1","transform":{"x":25.9573,"y":0.8494,"skX":130.3519,"skY":130.3519}},{"length":38,"name":"upperarm_r","parent":"spine1","transform":{"x":26.7058,"y":0.6436,"skX":-133.9285,"skY":-133.9285}},{"length":78,"name":"head","parent":"spine1","transform":{"x":32.351,"skX":1.7542,"skY":1.7542}},{"length":46,"name":"forearm_r","parent":"upperarm_r","transform":{"x":39.1837,"y":-0.4063,"skX":-19.5081,"skY":-19.5081}},{"length":46,"name":"forearm_l","parent":"upperarm_l","transform":{"x":42.5761,"y":0.4528,"skX":17.4533,"skY":17.4533}},{"name":"fx1_1","parent":"forearm_r","transform":{"x":35.2977,"y":1.4974,"skX":25,"skY":25,"scX":0.8,"scY":-0.8}}],"slot":[{"name":"upperarm_r","parent":"upperarm_r"},{"name":"forearm_r","parent":"forearm_r"},{"name":"thigh_r","parent":"thigh_r"},{"name":"calf_r","parent":"calf_r"},{"name":"spine","parent":"spine1"},{"name":"thigh_l","parent":"thigh_l"},{"name":"calf_l","parent":"calf_l"},{"name":"head","parent":"head"},{"name":"upperarm_l","parent":"upperarm_l"},{"name":"forearm_l","parent":"forearm_l"},{"name":"shadow2","parent":"shadow2"},{"displayIndex":-1,"name":"fx1_1","parent":"fx1_1"}],"ik":[{"chain":1,"name":"bone_ik","bone":"calf_l","target":"bone_ikTarget"},{"bendPositive":false,"chain":1,"name":"bone_ik1","bone":"calf_r","target":"bone_ikTarget1"}],"skin":[{"slot":[{"name":"upperarm_l","display":[{"name":"m8/upperarm_l","transform":{"x":21.66,"y":0.07,"skX":-40.79,"skY":-40.79}}]},{"name":"forearm_r","display":[{"name":"m8/forearm_r","transform":{"x":22.28,"y":0.2,"skX":-117.01,"skY":-117.01}}]},{"name":"fx1_1","display":[{"name":"m8/fx1_5","transform":{"x":-110.72,"y":-71.24}},{"name":"m8/fx1_7","transform":{"x":-110.72,"y":-71.24}},{"name":"m8/fx1_9","transform":{"x":-110.72,"y":-71.24}},{"name":"m8/fx1_10","transform":{"x":-110.72,"y":-71.24}},{"name":"m8/fx1_12","transform":{"x":-110.72,"y":-71.24}}]},{"name":"calf_l","display":[{"name":"m8/calf_l","transform":{"x":26.05,"y":0.09,"skX":-74.32,"skY":-74.32}}]},{"name":"forearm_l","display":[{"name":"m8/forearm_l","transform":{"x":22.35,"y":0.19,"skX":-58.25,"skY":-58.25}}]},{"name":"thigh_r","display":[{"name":"m8/thigh_r","transform":{"x":27.65,"y":0.34,"skX":-109.49,"skY":-109.49}}]},{"name":"head","display":[{"name":"m8/head","transform":{"x":35.57,"y":3.79,"skX":87.8,"skY":87.8}}]},{"name":"upperarm_r","display":[{"name":"m8/upperarm_r","transform":{"x":19.72,"y":-0.53,"skX":-136.51,"skY":-136.51}}]},{"name":"thigh_l","display":[{"name":"m8/thigh_l","transform":{"x":27.36,"y":0.27,"skX":-68.79,"skY":-68.79}}]},{"name":"spine","display":[{"type":"mesh","name":"m8/spine","width":24,"height":91,"vertices":[-5.1,-195.14,5.9,-195.14,-11.6,-104.14,12.4,-104.27,5.9,-152.9,-5.1,-153.05,5.9,-148,-5.1,-148,-5.1,-158.7,5.9,-158.7,-11.6,-127.07,12.4,-127],"uvs":[0.27083,0,0.72917,0,0.00004,1,0.99996,1,0.72917,0.46422,0.27083,0.46257,0.72917,0.51807,0.27083,0.52686,0.27083,0.39664,0.72917,0.40049,0.00004,0.75263,0.99996,0.75023],"triangles":[8,9,1,0,8,1,6,7,11,7,10,11,11,10,3,10,2,3,8,5,9,9,5,4,4,5,6,5,7,6],"weights":[2,6,0.06257,9,0.93743,2,6,0.069136,9,0.930864,2,6,0.983614,9,0.016386,2,6,0.978144,9,0.021856,2,6,0.521421,9,0.478579,2,6,0.47499,9,0.52501,2,6,0.79,9,0.21,2,6,0.8,9,0.2,2,6,0.2,9,0.8,2,6,0.2,9,0.8,1,6,1,1,6,1],"slotPose":[1,0,0,1,0,0],"bonePose":[6,0,-1,1,0,-0.25,-108.3,9,0.007728,-0.99997,0.99997,0.007728,-0.5,-153.4],"edges":[0,1,3,2,4,6,7,5,5,8,8,0,1,9,9,4,2,10,10,7,6,11,11,3],"userEdges":[]}]},{"name":"shadow2","display":[{"name":"m8/shadow2","transform":{"x":0.6,"y":-4.3}}]},{"name":"calf_r","display":[{"name":"m8/calf_r","transform":{"x":28.75,"y":-0.24,"skX":-103.57,"skY":-103.57}}]}]}],"animation":[{"duration":24,"playTimes":0,"name":"Idle","bone":[{"name":"m_centre","translateFrame":[{"duration":12,"tweenEasing":0,"y":2.97},{"duration":12,"tweenEasing":0,"y":6.84},{"duration":0,"y":2.97}]},{"name":"head","rotateFrame":[{"duration":12,"tweenEasing":0},{"duration":12,"tweenEasing":0,"rotate":-6},{"duration":0}]},{"name":"upperarm_l","rotateFrame":[{"duration":12,"tweenEasing":0},{"duration":12,"tweenEasing":0,"rotate":23},{"duration":0}]},{"name":"upperarm_r","rotateFrame":[{"duration":12,"tweenEasing":0},{"duration":12,"tweenEasing":0,"rotate":-17},{"duration":0}]}],"ik":[{"name":"bone_ik","frame":[{"duration":24,"tweenEasing":0,"bendPositive":false},{"duration":0,"bendPositive":false}]}]},{"duration":4,"playTimes":0,"name":"Hurt","bone":[{"name":"m_centre","translateFrame":[{"duration":4,"tweenEasing":0,"y":2.97},{"duration":0,"x":12.09,"y":8.89}]},{"name":"spine","rotateFrame":[{"duration":4,"tweenEasing":0},{"duration":0,"rotate":20}]},{"name":"spine1","rotateFrame":[{"duration":4,"tweenEasing":0},{"duration":0,"rotate":10}]},{"name":"head","rotateFrame":[{"duration":4,"tweenEasing":0},{"duration":0,"rotate":17}]},{"name":"upperarm_l","rotateFrame":[{"duration":4,"tweenEasing":0},{"duration":0,"rotate":38.65}]},{"name":"upperarm_r","rotateFrame":[{"duration":4,"tweenEasing":0},{"duration":0,"rotate":26.93}]},{"name":"forearm_r","rotateFrame":[{"duration":4,"tweenEasing":0},{"duration":0,"rotate":40}]}],"ik":[{"name":"bone_ik","frame":[{"duration":4,"bendPositive":false}]}]},{"duration":12,"playTimes":0,"name":"Died","bone":[{"name":"m_centre","translateFrame":[{"duration":5,"tweenEasing":0,"x":12.09,"y":8.89},{"duration":7,"tweenEasing":0,"x":28.57,"y":34.51},{"duration":0,"x":73.09,"y":104.72}]},{"name":"spine","rotateFrame":[{"duration":5,"tweenEasing":0,"rotate":20},{"duration":7,"tweenEasing":0,"rotate":34.83},{"duration":0,"rotate":86}]},{"name":"spine1","rotateFrame":[{"duration":5,"tweenEasing":0,"rotate":10},{"duration":7,"tweenEasing":0,"rotate":-20},{"duration":0,"rotate":5}]},{"name":"head","rotateFrame":[{"duration":5,"tweenEasing":0,"rotate":17},{"duration":7,"tweenEasing":0,"rotate":-17},{"duration":0,"rotate":-3}]},{"name":"upperarm_l","rotateFrame":[{"duration":5,"tweenEasing":0,"rotate":38.65},{"duration":7,"tweenEasing":0,"rotate":146.65},{"duration":0,"rotate":49.65}]},{"name":"upperarm_r","rotateFrame":[{"duration":5,"tweenEasing":0,"rotate":26.93},{"duration":7,"tweenEasing":0,"rotate":56.51},{"duration":0,"rotate":-46.07}]},{"name":"forearm_r","rotateFrame":[{"duration":12,"rotate":40}]},{"name":"bone_ikTarget","translateFrame":[{"duration":5,"tweenEasing":0},{"duration":7,"tweenEasing":0,"x":-102.37,"y":-93.69},{"duration":0,"x":-47.66,"y":2.02}]},{"name":"bone_ikTarget1","translateFrame":[{"duration":5,"tweenEasing":0},{"duration":7,"tweenEasing":0,"x":-26.15,"y":-60.26},{"duration":0,"x":4.93,"y":2.39}]}],"ik":[{"name":"bone_ik","frame":[{"duration":12,"bendPositive":false}]},{"name":"bone_ik1","frame":[{"duration":12,"bendPositive":false}]}]},{"duration":8,"playTimes":0,"name":"Attack","frame":[{"duration":3},{"duration":0,"events":[{"ints":[8],"name":"checkAttack"}]}],"bone":[{"name":"m_centre","translateFrame":[{"duration":4,"tweenEasing":0,"x":12.09,"y":8.89},{"duration":4,"x":-47.45,"y":37.8}]},{"name":"spine","translateFrame":[{"duration":4,"tweenEasing":0},{"duration":4,"x":-3.96}],"rotateFrame":[{"duration":2,"tweenEasing":0,"rotate":37},{"duration":2,"tweenEasing":0,"rotate":-6.5},{"duration":4,"rotate":-78}]},{"name":"spine1","rotateFrame":[{"duration":2,"tweenEasing":0,"rotate":18},{"duration":2,"tweenEasing":0,"rotate":17},{"duration":4,"rotate":-16}]},{"name":"head","rotateFrame":[{"duration":4,"tweenEasing":0,"rotate":17},{"duration":4,"rotate":13}]},{"name":"upperarm_l","rotateFrame":[{"duration":2,"tweenEasing":0,"rotate":-174.35},{"duration":2,"tweenEasing":0,"rotate":160.15},{"duration":4,"rotate":173.65}]},{"name":"forearm_l","rotateFrame":[{"duration":2,"tweenEasing":0,"rotate":33},{"duration":2,"tweenEasing":0,"rotate":56},{"duration":4,"rotate":27}]},{"name":"upperarm_r","rotateFrame":[{"duration":4,"tweenEasing":0,"rotate":88.93},{"duration":4,"rotate":77.93}]},{"name":"forearm_r","rotateFrame":[{"duration":4,"tweenEasing":0,"rotate":75},{"duration":4,"rotate":65}]},{"name":"fx1_1","translateFrame":[{"duration":8,"x":1.19,"y":-4.58}],"rotateFrame":[{"duration":3},{"duration":5,"rotate":-55}]}],"slot":[{"name":"fx1_1","displayFrame":[{"duration":3,"value":-1},{},{"value":1},{"value":2},{"value":3},{"value":4},{"duration":0,"value":-1}]}],"ik":[{"name":"bone_ik","frame":[{"duration":8,"bendPositive":false}]}]},{"duration":12,"playTimes":0,"name":"Run","bone":[{"name":"m_centre","translateFrame":[{"duration":3,"tweenEasing":0,"y":8.81},{"duration":3,"tweenEasing":0,"y":4.08},{"duration":3,"tweenEasing":0,"y":8.81},{"duration":3,"tweenEasing":0,"y":4.08},{"duration":0,"y":8.81}]},{"name":"spine","rotateFrame":[{"duration":6,"tweenEasing":0,"rotate":-17},{"duration":6,"tweenEasing":0,"rotate":-22},{"duration":0,"rotate":-17}]},{"name":"spine1","rotateFrame":[{"duration":6,"tweenEasing":0,"rotate":-21},{"duration":6,"tweenEasing":0,"rotate":-14},{"duration":0,"rotate":-21}]},{"name":"head","rotateFrame":[{"duration":6,"tweenEasing":0},{"duration":6,"tweenEasing":0,"rotate":11},{"duration":0}]},{"name":"upperarm_l","rotateFrame":[{"duration":12,"rotate":4}]},{"name":"upperarm_r","rotateFrame":[{"duration":12,"rotate":24}]},{"name":"bone_ikTarget","translateFrame":[{"tweenEasing":0,"x":35.87,"y":-46.19},{"tweenEasing":0,"x":14.24,"y":-51.74},{"duration":2,"tweenEasing":0,"x":-15.47,"y":-42.79},{"tweenEasing":0,"x":-28.28,"y":-37.29},{"tweenEasing":0,"x":-61.53,"y":-30.49},{"tweenEasing":0,"x":-93.76,"y":-14.56},{"tweenEasing":0,"x":-67.72,"y":-0.01},{"tweenEasing":0,"x":-54.1,"y":2.83},{"tweenEasing":0,"x":-41.87,"y":-28.69},{"tweenEasing":0,"x":2.09,"y":-7.79},{"tweenEasing":0,"x":30.06,"y":-32.74},{"duration":0,"x":35.87,"y":-46.19}]},{"name":"bone_ikTarget1","translateFrame":[{"tweenEasing":0,"x":-18,"y":-13.6},{"tweenEasing":0,"x":8.87,"y":1.81},{"tweenEasing":0,"x":23.75,"y":4.83},{"tweenEasing":0,"x":39.47,"y":2.4},{"tweenEasing":0,"x":66.65,"y":0.31},{"tweenEasing":0,"x":86.99,"y":-11.41},{"tweenEasing":0,"x":110.37,"y":-43.41},{"tweenEasing":0,"x":87.15,"y":-50.41},{"tweenEasing":0,"x":63.84,"y":-31.66},{"tweenEasing":0,"x":39.83,"y":0.3},{"tweenEasing":0,"x":18.67,"y":-22.53},{"tweenEasing":0,"x":-11.39,"y":-10.21},{"duration":0,"x":-18,"y":-13.6}]}],"ik":[{"name":"bone_ik","frame":[{"duration":6,"tweenEasing":0,"bendPositive":false},{"duration":6,"tweenEasing":0,"bendPositive":false},{"duration":0,"bendPositive":false}]}]}],"defaultActions":[{"gotoAndPlay":"Idle"}]}]}