{"frameRate":24,"name":"monster_1","version":"5.5","compatibleVersion":"5.5","armature":[{"type":"Armature","frameRate":24,"name":"Armature","aabb":{"x":-166.44,"y":-287.2,"width":239.44,"height":310.2},"bone":[{"name":"root"},{"name":"bone_ikTarget","parent":"root","transform":{"x":32.5229,"y":-2.7911}},{"name":"m_centre","parent":"root","transform":{"y":-57.9281}},{"name":"shadow2","parent":"root","transform":{"y":0.0719}},{"name":"bone_ikTarget1","parent":"root","transform":{"x":-24.2655,"y":-2.9051}},{"length":65,"name":"spine","parent":"m_centre","transform":{"x":0.7798,"y":-1.8053,"skX":-101.4547,"skY":-101.4547}},{"length":30,"name":"thigh_l","parent":"m_centre","transform":{"x":2.1,"y":-5.1219,"skX":126.6665,"skY":126.6665}},{"length":31,"name":"thigh_r","parent":"m_centre","transform":{"x":0.8,"y":-4.3719,"skX":65.4659,"skY":65.4659}},{"length":32,"name":"upperarm_r","parent":"spine","transform":{"x":54.9952,"y":2.2668,"skX":123.3216,"skY":123.3216}},{"length":36,"name":"calf_r","parent":"thigh_r","transform":{"x":31.5484,"skX":-6.6174,"skY":-6.6174}},{"length":37,"name":"calf_l","parent":"thigh_l","transform":{"x":30.0007,"y":-0.1435,"skX":-23.2811,"skY":-23.2811}},{"length":31,"name":"upperarm_l","parent":"spine","transform":{"x":57.8467,"y":3.0487,"skX":-160.5053,"skY":-160.5053}},{"length":46,"name":"head","parent":"spine","transform":{"x":64.5123,"y":0.114,"skX":-13.7724,"skY":-13.7724}},{"length":29,"name":"forearm_l","parent":"upperarm_l","transform":{"x":31.4592,"skX":30.0736,"skY":30.0736}},{"length":33,"name":"forearm_r","parent":"upperarm_r","transform":{"x":32.4874,"skX":56.3471,"skY":56.3471}},{"length":150,"name":"arms","parent":"forearm_l","transform":{"x":-18.5309,"y":-41.7676,"skX":45.6768,"skY":45.6768}},{"name":"fx1","parent":"arms","transform":{"x":113.2474,"y":-25.5214,"skX":-173.7904,"skY":-173.7904,"scX":0.6,"scY":0.8}}],"slot":[{"name":"head","parent":"head"},{"name":"spine","parent":"spine"},{"name":"upperarm_r","parent":"upperarm_r"},{"name":"forearm_r","parent":"forearm_r"},{"name":"upperarm_l","parent":"upperarm_l"},{"name":"forearm_l","parent":"forearm_l"},{"name":"thigh_r","parent":"thigh_r"},{"name":"calf_r","parent":"calf_r"},{"name":"thigh_l","parent":"thigh_l"},{"name":"calf_l","parent":"calf_l"},{"name":"arms","parent":"arms"},{"name":"fx1","parent":"fx1"},{"name":"shadow2","parent":"shadow2"}],"ik":[{"bendPositive":false,"chain":1,"name":"bone_ik1","bone":"calf_l","target":"bone_ikTarget1"},{"bendPositive":false,"chain":1,"name":"bone_ik","bone":"calf_r","target":"bone_ikTarget"}],"skin":[{"slot":[{"name":"spine","display":[{"name":"m1/spine","transform":{"x":31.57,"y":0.57,"skX":101.45,"skY":101.45}}]},{"name":"thigh_l","display":[{"name":"m1/thigh_l","transform":{"x":15.24,"y":-0.12,"skX":-126.67,"skY":-126.67}}]},{"name":"fx1","display":[{"name":"m1/fx1","transform":{"x":33.67,"y":-136.43}},{"name":"m1/fx2","transform":{"x":33.67,"y":-136.43}},{"name":"m1/fx3","transform":{"x":33.67,"y":-136.43}},{"name":"m1/fx4","transform":{"x":33.67,"y":-136.43}},{"name":"m1/fx5","transform":{"x":33.67,"y":-136.43}}]},{"name":"thigh_r","display":[{"name":"m1/thigh_r","transform":{"x":16.51,"y":0.07,"skX":-65.47,"skY":-65.47}}]},{"name":"calf_l","display":[{"name":"m1/calf_l","transform":{"x":16.56,"y":-0.13,"skX":-103.39,"skY":-103.39}}]},{"name":"upperarm_l","display":[{"name":"m1/upperarm_l","transform":{"x":15.97,"y":0.48,"skX":-98.04,"skY":-98.04}}]},{"name":"calf_r","display":[{"name":"m1/calf_r","transform":{"x":15.66,"y":-0.11,"skX":-58.85,"skY":-58.85}}]},{"name":"upperarm_r","display":[{"name":"m1/upperarm_r","transform":{"x":16.72,"y":0.07,"skX":-21.87,"skY":-21.87}}]},{"name":"head","display":[{"name":"m1/head","transform":{"x":21.33,"y":-8.2,"skX":115.23,"skY":115.23}}]},{"name":"arms","display":[{"name":"m1/arms","transform":{"x":68.32,"y":-7.55,"skX":-173.79,"skY":-173.79}}]},{"name":"forearm_l","display":[{"name":"m1/forearm_l","transform":{"x":13.07,"y":0.31,"skX":-128.11,"skY":-128.11}}]},{"name":"shadow2","display":[{"name":"m1/shadow2","transform":{"y":-0.07}}]},{"name":"forearm_r","display":[{"name":"m1/forearm_r","transform":{"x":14.97,"y":0.22,"skX":-78.21,"skY":-78.21}}]}]}],"animation":[{"duration":24,"playTimes":0,"name":"Idle","bone":[{"name":"m_centre","translateFrame":[{"duration":12,"curve":[0.5,0,1,1]},{"duration":12,"curve":[0,0,0.5,1],"y":3.77},{"duration":0}]},{"name":"spine","rotateFrame":[{"duration":12,"tweenEasing":0},{"duration":12,"tweenEasing":0,"rotate":3},{"duration":0}]},{"name":"arms","rotateFrame":[{"duration":12,"tweenEasing":0},{"duration":12,"tweenEasing":0,"rotate":1},{"duration":0}]},{"name":"head","rotateFrame":[{"duration":12,"tweenEasing":0},{"duration":12,"tweenEasing":0,"rotate":8},{"duration":0}]}],"slot":[{"name":"fx1","displayFrame":[{"duration":24,"value":-1}]}]},{"duration":10,"playTimes":0,"name":"Run","bone":[{"name":"bone_ikTarget","translateFrame":[{"tweenEasing":0,"x":11.9,"y":-24.12},{"tweenEasing":0,"x":6.14,"y":-31.65},{"tweenEasing":0,"x":-15.9,"y":-37.13},{"tweenEasing":0,"x":-23.19,"y":-21.62},{"tweenEasing":0,"x":-50.58,"y":-11.85},{"tweenEasing":0,"x":-56.72,"y":0.08},{"tweenEasing":0,"x":-54.2,"y":0.06},{"tweenEasing":0,"x":-33.26,"y":0.06},{"tweenEasing":0,"x":-34.33,"y":0.06},{"tweenEasing":0,"x":-17.41,"y":1.13},{"duration":0,"x":11.9,"y":-24.12}]},{"name":"m_centre","translateFrame":[{"duration":3,"tweenEasing":0},{"duration":3,"tweenEasing":0,"y":-6.98},{"duration":2,"tweenEasing":0},{"duration":2,"tweenEasing":0,"y":-7.71},{"duration":0}]},{"name":"bone_ikTarget1","translateFrame":[{"tweenEasing":0},{"tweenEasing":0,"x":4.75,"y":-0.13},{"tweenEasing":0,"x":20.19,"y":0.49},{"tweenEasing":0,"x":22.85,"y":-0.45},{"tweenEasing":0,"x":38.55,"y":0.23},{"tweenEasing":0,"x":66.52,"y":-25.08},{"tweenEasing":0,"x":62.91,"y":-32.02},{"tweenEasing":0,"x":40.74,"y":-32.69},{"tweenEasing":0,"x":30.05,"y":-20.1},{"tweenEasing":0,"x":7.31,"y":-14.6},{"duration":0}]},{"name":"upperarm_l","rotateFrame":[{"duration":5,"tweenEasing":0},{"duration":5,"tweenEasing":0,"rotate":5},{"duration":0}]},{"name":"upperarm_r","rotateFrame":[{"duration":5,"tweenEasing":0},{"duration":5,"tweenEasing":0,"rotate":3},{"duration":0}]}],"slot":[{"name":"fx1","displayFrame":[{"duration":10,"value":-1}]}]},{"duration":9,"playTimes":0,"name":"Attack","frame":[{"duration":4},{"duration":0,"events":[{"ints":[1],"name":"checkAttack"}]}],"bone":[{"name":"m_centre","translateFrame":[{"duration":4,"tweenEasing":0,"x":7.8,"y":3.58},{"duration":5,"x":-6.4,"y":4.5}]},{"name":"spine","rotateFrame":[{"duration":4,"tweenEasing":0,"rotate":37},{"duration":5,"rotate":-51}]},{"name":"upperarm_l","rotateFrame":[{"duration":4,"tweenEasing":0,"rotate":166},{"duration":5,"rotate":56}]},{"name":"head","rotateFrame":[{"duration":4,"tweenEasing":0,"rotate":27},{"duration":5,"rotate":-3}]},{"name":"upperarm_r","rotateFrame":[{"duration":4,"tweenEasing":0,"rotate":176.68},{"duration":5,"rotate":75.68}]},{"name":"forearm_r","rotateFrame":[{"duration":4},{"duration":5,"rotate":-20}]}],"slot":[{"name":"fx1","displayFrame":[{"duration":4,"value":-1},{},{"value":1},{"value":2},{"value":3},{"value":4}],"colorFrame":[{"duration":9},{"duration":0,"value":{"aM":0}}]}]},{"duration":4,"playTimes":0,"name":"Hurt","bone":[{"name":"bone_ikTarget","translateFrame":[{"duration":4},{"duration":0,"x":0.47,"y":-0.66}]},{"name":"m_centre","translateFrame":[{"duration":4,"tweenEasing":0},{"duration":0,"x":6.14,"y":2.46}]},{"name":"spine","rotateFrame":[{"duration":4,"tweenEasing":0},{"duration":0,"rotate":19}]},{"name":"head","rotateFrame":[{"duration":4,"tweenEasing":0},{"duration":0,"rotate":33}]},{"name":"upperarm_r","rotateFrame":[{"duration":4,"tweenEasing":0},{"duration":0,"rotate":10}]},{"name":"upperarm_l","rotateFrame":[{"duration":4,"tweenEasing":0},{"duration":0,"rotate":10}]}],"slot":[{"name":"fx1","displayFrame":[{"duration":4,"value":-1}]}]},{"duration":12,"playTimes":0,"name":"Died","bone":[{"name":"bone_ikTarget","translateFrame":[{"duration":6,"tweenEasing":0},{"duration":6,"tweenEasing":0,"x":-27.5,"y":-70.78},{"duration":0,"x":-13.67,"y":-2.22}]},{"name":"m_centre","translateFrame":[{"duration":6,"tweenEasing":0},{"duration":6,"tweenEasing":0,"x":60.52,"y":3.63},{"duration":0,"x":79.35,"y":49.71}],"rotateFrame":[{"duration":6,"tweenEasing":0},{"duration":6,"tweenEasing":0,"rotate":56},{"duration":0,"rotate":70}]},{"name":"bone_ikTarget1","translateFrame":[{"duration":6,"tweenEasing":0},{"duration":6,"tweenEasing":0,"x":26.36,"y":-45.42},{"duration":0,"x":43.01,"y":1.88}]},{"name":"spine","rotateFrame":[{"duration":12,"tweenEasing":0},{"duration":0,"rotate":27}]},{"name":"upperarm_r","rotateFrame":[{"duration":12,"tweenEasing":0},{"duration":0,"rotate":52}]},{"name":"upperarm_l","rotateFrame":[{"duration":12,"tweenEasing":0},{"duration":0,"rotate":-19.49}]},{"name":"forearm_r","rotateFrame":[{"duration":12},{"duration":0,"rotate":-32}]},{"name":"arms","translateFrame":[{"duration":6,"tweenEasing":0},{"duration":6,"tweenEasing":0,"x":-8.02,"y":32.44},{"duration":0,"x":24.59,"y":42.32}],"rotateFrame":[{"duration":12,"tweenEasing":0},{"duration":0,"rotate":-71}]}],"slot":[{"name":"fx1","displayFrame":[{"duration":12,"value":-1}]}]}],"defaultActions":[{"gotoAndPlay":"Idle"}]}]}