{"frameRate":24,"name":"monster_10","version":"5.5","compatibleVersion":"5.5","armature":[{"type":"Armature","frameRate":24,"name":"Armature","aabb":{"x":-84.73,"y":-166.92,"width":108.51,"height":180.92},"bone":[{"name":"root"},{"name":"m_centre","parent":"root","transform":{"y":-51.6166}},{"name":"bone_ikTarget","parent":"root","transform":{"x":5.5724,"y":-0.3417}},{"name":"shadow2","parent":"root"},{"name":"bone_ikTarget1","parent":"root","transform":{"x":-4.9199,"y":-0.4152}},{"length":26,"name":"thigh_r","parent":"m_centre","transform":{"x":0.7998,"y":-1.6978,"skX":106.2805,"skY":106.2805}},{"length":37,"name":"spine","parent":"m_centre","transform":{"x":0.4,"y":1.6017,"skX":-89.6911,"skY":-89.6911}},{"length":27,"name":"thigh_l","parent":"m_centre","transform":{"x":1.75,"y":-1.6483,"skX":78.8112,"skY":78.8112}},{"length":30,"name":"spine1","parent":"spine","transform":{"x":37.1005,"skX":0.0247,"skY":0.0247}},{"length":26,"name":"calf_l","parent":"thigh_l","transform":{"x":27.1484,"y":0.341,"skX":8,"skY":8}},{"length":29,"name":"calf_r","parent":"thigh_r","transform":{"x":25.0076,"y":0.1971,"skX":-7.8255,"skY":-7.8255}},{"length":32,"name":"upperarm_l","parent":"spine1","transform":{"x":28.2056,"y":0.8858,"skX":170.35,"skY":170.35}},{"length":29,"name":"upperarm_r","parent":"spine1","transform":{"x":22.5353,"y":0.4259,"skX":-164.79,"skY":-164.79}},{"length":45,"name":"head","parent":"spine1","transform":{"x":30.6492,"y":-0.2285,"skX":-0.1449,"skY":-0.1449}},{"length":36,"name":"forearm_r","parent":"upperarm_r","transform":{"x":28.1642,"y":-0.3449,"skX":-0.7749,"skY":-0.7749}},{"length":36,"name":"forearm_l","parent":"upperarm_l","transform":{"x":32.829,"y":-0.2053,"skX":2,"skY":2}},{"length":44,"name":"arms","parent":"forearm_r","transform":{"x":31.7316,"y":-0.7475,"skX":75.34,"skY":75.34}}],"slot":[{"name":"shadow2","parent":"shadow2"},{"name":"upperarm_r","parent":"upperarm_r"},{"name":"forearm_r","parent":"forearm_r"},{"name":"arms","parent":"arms"},{"name":"thigh_r","parent":"thigh_r"},{"name":"calf_r","parent":"calf_r"},{"name":"spine","parent":"spine1"},{"name":"thigh_l","parent":"thigh_l"},{"name":"calf_l","parent":"calf_l"},{"name":"upperarm_l","parent":"upperarm_l"},{"name":"forearm_l","parent":"forearm_l"},{"name":"head","parent":"head"}],"ik":[{"bendPositive":false,"chain":1,"name":"bone_ik1","bone":"calf_r","target":"bone_ikTarget1"},{"bendPositive":false,"chain":1,"name":"bone_ik","bone":"calf_l","target":"bone_ikTarget"}],"skin":[{"slot":[{"name":"calf_l","display":[{"name":"m10/calf_l","transform":{"x":11.79,"y":0.06,"skX":-79.97,"skY":-79.97}}]},{"name":"forearm_r","display":[{"name":"m10/forearm_r","transform":{"x":17.06,"y":-0.46,"skX":-102.77,"skY":-102.77}}]},{"name":"upperarm_r","display":[{"name":"m10/upperarm_r","transform":{"x":14.57,"y":-0.25,"skX":-110.54,"skY":-110.54}}]},{"name":"head","display":[{"name":"m10/head","transform":{"x":22.16,"y":1.16,"skX":89.81,"skY":89.81}}]},{"name":"thigh_l","display":[{"name":"m10/thigh_l","transform":{"x":14.07,"y":0.21,"skX":-78.81,"skY":-78.81}}]},{"name":"calf_r","display":[{"name":"m10/calf_r","transform":{"x":13.57,"y":-0.18,"skX":-98.45,"skY":-98.45}}]},{"name":"forearm_l","display":[{"name":"m10/forearm_l","transform":{"x":17.11,"y":0.06,"skX":-80.86,"skY":-80.86}}]},{"name":"shadow2","display":[{"name":"m10/shadow2"}]},{"name":"upperarm_l","display":[{"name":"m10/upperarm_l","transform":{"x":16.91,"y":0.06,"skX":-75.68,"skY":-75.68}}]},{"name":"spine","display":[{"type":"mesh","name":"m10/spine","width":8,"height":75,"vertices":[-3.22,-121.65,4.78,-121.65,-3.22,-46.65,4.78,-46.65,4.78,-86.8,-3.22,-86.85,-3.22,-82.8,4.78,-82.7,4.78,-90.65,-3.22,-90.65],"uvs":[0,0,1,0,0,1,1,1,1,0.4647,0,0.47003,0,0.52343,1,0.51937,1,0.41337,0,0.41871],"triangles":[5,6,7,7,6,3,6,2,3,0,9,8,0,8,1,5,7,4,8,9,4,9,5,4],"weights":[1,8,1,1,8,1,1,6,1,1,6,1,2,6,0.499934,8,0.500066,2,6,0.499898,8,0.500102,2,6,0.8,8,0.2,2,6,0.662775,8,0.337225,2,6,0.2,8,0.8,2,6,0.21,8,0.79],"slotPose":[1,0,0,1,0,0],"bonePose":[6,0.005391,-0.999985,0.999985,0.005391,0.4,-49.75,8,0.005822,-0.999983,0.999983,0.005822,0.6,-86.85],"edges":[0,1,3,2,2,6,6,5,4,7,7,3,1,8,8,4,5,9,9,0],"userEdges":[]}]},{"name":"arms","display":[{"name":"m10/arms","transform":{"x":31.3,"y":0.74,"skX":-179.11,"skY":-179.11}}]},{"name":"thigh_r","display":[{"name":"m10/thigh_r","transform":{"x":12.89,"y":-0.1,"skX":-106.28,"skY":-106.28}}]}]}],"animation":[{"duration":24,"playTimes":0,"name":"Idle","bone":[{"name":"m_centre","translateFrame":[{"duration":12,"tweenEasing":0},{"duration":12,"tweenEasing":0,"y":0.33},{"duration":0}]},{"name":"spine","translateFrame":[{"duration":12,"tweenEasing":0},{"duration":12,"tweenEasing":0,"y":1.49},{"duration":0}],"scaleFrame":[{"duration":12,"tweenEasing":0},{"duration":12,"tweenEasing":0,"x":0.95},{"duration":0}]}],"slot":[{"name":"arms","displayFrame":[{"duration":24,"value":-1}]}]},{"duration":4,"playTimes":0,"name":"Hurt","bone":[{"name":"m_centre","translateFrame":[{"duration":4,"tweenEasing":0},{"duration":0,"x":3.85,"y":0.3}]},{"name":"spine","rotateFrame":[{"duration":4,"tweenEasing":0},{"duration":0,"rotate":18}],"scaleFrame":[{"duration":4,"tweenEasing":0},{"duration":0,"x":1.05,"y":1.05}]},{"name":"spine1","rotateFrame":[{"duration":4},{"duration":0,"rotate":-7}]},{"name":"upperarm_r","rotateFrame":[{"duration":4,"tweenEasing":0},{"duration":0,"rotate":5}]},{"name":"upperarm_l","rotateFrame":[{"duration":4,"tweenEasing":0},{"duration":0,"rotate":-7}]},{"name":"head","rotateFrame":[{"duration":4,"tweenEasing":0},{"duration":0,"rotate":15}]}],"slot":[{"name":"arms","displayFrame":[{"duration":4,"value":-1}]}]},{"duration":12,"playTimes":0,"name":"Died","bone":[{"name":"m_centre","translateFrame":[{"duration":4,"tweenEasing":0,"x":3.85,"y":0.3},{"duration":4,"tweenEasing":0,"x":3.85,"y":2.36},{"duration":4,"tweenEasing":0,"x":17.16,"y":-4.67},{"duration":0,"x":37.42,"y":46.86}]},{"name":"spine","rotateFrame":[{"duration":4,"tweenEasing":0,"rotate":18},{"duration":4,"tweenEasing":0,"rotate":11},{"duration":4,"tweenEasing":0,"rotate":9},{"duration":0,"rotate":90}],"scaleFrame":[{"duration":12,"x":1.05,"y":1.05}]},{"name":"spine1","rotateFrame":[{"duration":8,"tweenEasing":0,"rotate":-7},{"duration":4,"tweenEasing":0,"rotate":-10},{"duration":0,"rotate":-2}]},{"name":"upperarm_r","rotateFrame":[{"duration":8,"tweenEasing":0,"rotate":5},{"duration":4,"tweenEasing":0,"rotate":74},{"duration":0,"rotate":-9.21}]},{"name":"forearm_r","rotateFrame":[{"duration":4,"tweenEasing":0},{"duration":4,"tweenEasing":0,"rotate":37},{"duration":4,"tweenEasing":0,"rotate":53},{"duration":0,"rotate":7}]},{"name":"upperarm_l","rotateFrame":[{"duration":8,"tweenEasing":0,"rotate":-7},{"duration":4,"tweenEasing":0,"rotate":115.65},{"duration":0,"rotate":14.65}]},{"name":"forearm_l","rotateFrame":[{"duration":4,"tweenEasing":0},{"duration":4,"tweenEasing":0,"rotate":37},{"duration":4,"tweenEasing":0,"rotate":41},{"duration":0}]},{"name":"head","rotateFrame":[{"duration":4,"tweenEasing":0,"rotate":15},{"duration":4,"tweenEasing":0,"rotate":2.5},{"duration":4,"tweenEasing":0,"rotate":6},{"duration":0}]},{"name":"bone_ikTarget","translateFrame":[{"duration":8},{"duration":4,"tweenEasing":0,"x":-11.81,"y":-18.9},{"duration":0,"x":-15.3,"y":-1.28}]},{"name":"bone_ikTarget1","translateFrame":[{"duration":8},{"duration":4,"tweenEasing":0,"x":-16.4,"y":-28.74},{"duration":0,"x":-9.78,"y":-2.69}]}],"slot":[{"name":"arms","displayFrame":[{"duration":12,"value":-1}]}]},{"duration":4,"playTimes":0,"name":"Attack","frame":[{"duration":4},{"duration":0,"events":[{"ints":[10],"name":"checkAttack"}]}],"bone":[{"name":"m_centre","translateFrame":[{"duration":4,"tweenEasing":0,"x":4.82,"y":1.99},{"duration":0,"x":-7.26,"y":3.13}]},{"name":"spine","rotateFrame":[{"duration":4,"tweenEasing":0,"rotate":3},{"duration":0,"rotate":-9}]},{"name":"spine1","rotateFrame":[{"duration":4,"tweenEasing":0,"rotate":3},{"duration":0,"rotate":-2}]},{"name":"upperarm_r","rotateFrame":[{"duration":4,"tweenEasing":0,"rotate":-95.21},{"duration":0,"rotate":74.79}]},{"name":"forearm_r","rotateFrame":[{"duration":4,"tweenEasing":0,"rotate":169.77},{"duration":0,"rotate":6.77}]},{"name":"upperarm_l","rotateFrame":[{"duration":4,"tweenEasing":0,"rotate":-12},{"duration":0,"rotate":-21}]},{"name":"forearm_l","rotateFrame":[{"duration":4,"tweenEasing":0,"rotate":-1},{"duration":0,"rotate":3}]},{"name":"arms","rotateFrame":[{"duration":4,"rotate":-75}]},{"name":"head","rotateFrame":[{"duration":4,"rotate":3}]},{"name":"bone_ikTarget","translateFrame":[{"duration":4,"x":6.55}]},{"name":"bone_ikTarget1","translateFrame":[{"duration":4,"x":-6.9}]}]},{"duration":12,"playTimes":0,"name":"Run","bone":[{"name":"m_centre","translateFrame":[{"duration":3,"tweenEasing":0},{"duration":3,"tweenEasing":0,"y":-0.79},{"duration":3,"tweenEasing":0},{"duration":3,"tweenEasing":0,"y":-0.79},{"duration":0}]},{"name":"spine","translateFrame":[{"duration":3,"tweenEasing":0},{"duration":3,"tweenEasing":0,"y":1.33},{"duration":3,"tweenEasing":0},{"duration":3,"tweenEasing":0,"y":1.33},{"duration":0}],"scaleFrame":[{"duration":3,"tweenEasing":0},{"duration":3,"tweenEasing":0,"x":0.98},{"duration":3,"tweenEasing":0},{"duration":3,"tweenEasing":0,"x":0.98},{"duration":0}]},{"name":"upperarm_r","rotateFrame":[{"duration":6,"tweenEasing":0},{"duration":6,"tweenEasing":0,"rotate":-8},{"duration":0}]},{"name":"upperarm_l","rotateFrame":[{"duration":6,"tweenEasing":0},{"duration":6,"tweenEasing":0,"rotate":9.65},{"duration":0}]},{"name":"bone_ikTarget","translateFrame":[{"duration":6,"tweenEasing":0},{"duration":6,"tweenEasing":0,"x":-11.62},{"duration":0}]},{"name":"bone_ikTarget1","translateFrame":[{"duration":6,"tweenEasing":0},{"duration":6,"tweenEasing":0,"x":9.41},{"duration":0}]}],"slot":[{"name":"arms","displayFrame":[{"duration":12,"value":-1}]}]}],"defaultActions":[{"gotoAndPlay":"Idle"}]}]}