{"frameRate":24,"name":"monster_6","version":"5.5","compatibleVersion":"5.5","armature":[{"type":"Armature","frameRate":24,"name":"Armature","aabb":{"x":-171.5,"y":-166.24,"width":343,"height":237.7},"bone":[{"name":"root"},{"name":"m_centre","parent":"root","transform":{"y":-55}},{"name":"bone_ikTarget","parent":"root","transform":{"x":24.7288,"y":-4.6398}},{"name":"shadow2","parent":"root","transform":{"y":4.95}},{"name":"bone_ikTarget1","parent":"root","transform":{"x":-23.6675,"y":-2.9376}},{"name":"m3_fx1","parent":"root","transform":{"x":-32.5899,"y":2.067,"scY":1.5}},{"length":31,"name":"thigh_r","parent":"m_centre","transform":{"x":-5.791,"y":-4.0825,"skX":123.5151,"skY":123.5151}},{"length":70,"name":"spine","parent":"m_centre","transform":{"x":0.25,"y":-0.35,"skX":-89.6343,"skY":-89.6343}},{"length":34,"name":"thigh_l","parent":"m_centre","transform":{"x":13.25,"y":-8.8,"skX":96.7386,"skY":96.7386}},{"length":29,"name":"calf_r","parent":"thigh_r","transform":{"x":32.3236,"y":-0.3571,"skX":-32.87,"skY":-32.87}},{"length":37,"name":"head","parent":"spine","transform":{"x":70.0027,"y":0.2032,"skX":-0.675,"skY":-0.675}},{"length":29,"name":"calf_l","parent":"thigh_l","transform":{"x":34.9414,"skX":-39.2318,"skY":-39.2318}},{"length":32,"name":"upperarm_l","parent":"spine","transform":{"x":41.9965,"y":14.9822,"skX":129.9853,"skY":129.9853}},{"length":30,"name":"upperarm_r","parent":"spine","transform":{"x":45.0865,"y":-10.088,"skX":-131.6043,"skY":-131.6043}},{"length":25,"name":"forearm_l","parent":"upperarm_l","transform":{"x":30.1732,"y":0.0066,"skX":25,"skY":25}},{"length":29,"name":"forearm_r","parent":"upperarm_r","transform":{"x":29.767,"y":0.2627,"skX":15,"skY":15}}],"slot":[{"name":"shadow2","parent":"shadow2"},{"name":"upperarm_r","parent":"upperarm_r"},{"name":"forearm_r","parent":"forearm_r"},{"name":"thigh_r","parent":"thigh_r"},{"name":"calf_r","parent":"calf_r"},{"name":"thigh_l","parent":"thigh_l"},{"name":"calf_l","parent":"calf_l"},{"name":"upperarm_l","parent":"upperarm_l"},{"name":"forearm_l","parent":"forearm_l"},{"name":"spine","parent":"spine"},{"name":"head","parent":"head"},{"name":"m3_fx1","parent":"m3_fx1"}],"ik":[{"bendPositive":false,"chain":1,"name":"bone_ik1","bone":"calf_r","target":"bone_ikTarget1"},{"bendPositive":false,"chain":1,"name":"bone_ik","bone":"calf_l","target":"bone_ikTarget"}],"skin":[{"slot":[{"name":"shadow2","display":[{"name":"m6/shadow2","transform":{"y":-4.95}}]},{"name":"head","display":[{"name":"m6/head","transform":{"x":10.89,"y":-1.34,"skX":90.31,"skY":90.31}}]},{"name":"forearm_r","display":[{"name":"m6/forearm_r","transform":{"x":14.05,"y":0.14,"skX":-135.41,"skY":-135.41}}]},{"name":"upperarm_l","display":[{"name":"m6/upperarm_l","transform":{"x":15.63,"y":-0.14,"skX":-40.35,"skY":-40.35}}]},{"name":"calf_r","display":[{"name":"m6/calf_r","transform":{"x":13.73,"y":-0.11,"skX":-72.65,"skY":-72.65}}]},{"name":"m3_fx1","display":[{"name":"m6/m3_fx1","transform":{"x":32.59,"y":-2.07}},{"name":"m6/m3_fx2","transform":{"x":32.59,"y":-2.07}},{"name":"m6/m3_fx3","transform":{"x":32.59,"y":-2.07}},{"name":"m6/m3_fx4","transform":{"x":32.59,"y":-2.07}},{"name":"m6/m3_fx5","transform":{"x":32.59,"y":-2.07}},{"name":"m6/m3_fx6","transform":{"x":32.59,"y":-2.07}}]},{"name":"thigh_r","display":[{"name":"m6/thigh_r","transform":{"x":16.34,"y":-0.81,"skX":-123.52,"skY":-123.52}}]},{"name":"calf_l","display":[{"name":"m6/calf_l","transform":{"x":13.95,"y":0.17,"skX":-57.51,"skY":-57.51}}]},{"name":"upperarm_r","display":[{"name":"m6/upperarm_r","transform":{"x":15.05,"y":0.21,"skX":-138.76,"skY":-138.76}}]},{"name":"thigh_l","display":[{"name":"m6/thigh_l","transform":{"x":17.71,"y":0.17,"skX":-96.74,"skY":-96.74}}]},{"name":"forearm_l","display":[{"name":"m6/forearm_l","transform":{"x":11.6,"y":-0.05,"skX":-41.61,"skY":-41.61}}]},{"name":"spine","display":[{"name":"m6/spine","transform":{"x":36.89,"y":1.01,"skX":89.63,"skY":89.63}}]}]}],"animation":[{"duration":24,"playTimes":0,"name":"Idle","bone":[{"name":"m_centre","translateFrame":[{"duration":12,"tweenEasing":0},{"duration":12,"tweenEasing":0,"x":-5.64,"y":1.51},{"duration":0}]},{"name":"spine","scaleFrame":[{"duration":12,"tweenEasing":0},{"duration":12,"tweenEasing":0,"x":0.96},{"duration":0}]},{"name":"upperarm_l","rotateFrame":[{"duration":12,"tweenEasing":0},{"duration":12,"tweenEasing":0,"rotate":13},{"duration":0}]},{"name":"upperarm_r","rotateFrame":[{"duration":12,"tweenEasing":0},{"duration":12,"tweenEasing":0,"rotate":-10},{"duration":0}]}],"slot":[{"name":"m3_fx1","displayFrame":[{"duration":24,"value":-1}]}]},{"duration":12,"playTimes":0,"name":"Run","bone":[{"name":"m_centre","translateFrame":[{"duration":3,"tweenEasing":0,"y":-1.18},{"duration":3,"tweenEasing":0,"y":-2.52},{"duration":3,"tweenEasing":0,"y":-0.33},{"duration":3,"tweenEasing":0,"y":-2.52},{"duration":0,"y":-1.18}]},{"name":"spine","rotateFrame":[{"duration":6,"tweenEasing":0},{"duration":6,"tweenEasing":0,"rotate":-5},{"duration":0}],"scaleFrame":[{"duration":6,"tweenEasing":0},{"duration":6,"tweenEasing":0,"x":0.96},{"duration":0}]},{"name":"upperarm_l","rotateFrame":[{"duration":6,"tweenEasing":0},{"duration":6,"tweenEasing":0,"rotate":59.01},{"duration":0}]},{"name":"upperarm_r","rotateFrame":[{"duration":6,"tweenEasing":0},{"duration":6,"tweenEasing":0,"rotate":-97.4},{"duration":0}]},{"name":"thigh_r","translateFrame":[{"duration":6,"tweenEasing":0},{"duration":6,"tweenEasing":0,"x":21.53},{"duration":0}]},{"name":"thigh_l","translateFrame":[{"duration":6,"tweenEasing":0},{"duration":6,"tweenEasing":0,"x":-18.82,"y":2.29},{"duration":0}]},{"name":"bone_ikTarget","translateFrame":[{"duration":3,"tweenEasing":0,"x":10.93,"y":-20.36},{"duration":3,"tweenEasing":0,"x":-46.3,"y":-10.32},{"duration":3,"tweenEasing":0,"x":-50.68,"y":1.68},{"duration":3,"tweenEasing":0,"x":-21.84,"y":-0.42},{"duration":0,"x":10.93,"y":-20.36}]},{"name":"bone_ikTarget1","translateFrame":[{"duration":3,"tweenEasing":0,"x":-3.95,"y":-1.53},{"duration":3,"tweenEasing":0,"x":33.81,"y":-2.12},{"tweenEasing":0,"x":60.41,"y":-0.55},{"duration":2,"tweenEasing":0,"x":63.87,"y":-15.59},{"tweenEasing":0,"x":36.42,"y":-15.4},{"tweenEasing":0,"x":9.43,"y":-3.93},{"tweenEasing":0,"x":1.54,"y":-3.81},{"duration":0,"x":-3.95,"y":-1.53}]}],"slot":[{"name":"m3_fx1","displayFrame":[{"duration":12,"value":-1}]}]},{"duration":9,"playTimes":0,"name":"Attack","frame":[{"duration":3},{"duration":0,"events":[{"ints":[6],"name":"checkAttack"}]}],"bone":[{"name":"m_centre","translateFrame":[{"duration":4,"tweenEasing":0,"x":-5.07,"y":6.64},{"duration":5,"x":-29.17,"y":2.79}]},{"name":"spine","translateFrame":[{"duration":4,"tweenEasing":0},{"duration":5,"x":3.84,"y":-3.49}],"rotateFrame":[{"duration":4,"tweenEasing":0,"rotate":27},{"duration":5,"rotate":-60}],"scaleFrame":[{"duration":2,"tweenEasing":0},{"duration":2,"tweenEasing":0,"x":1.06,"y":1.06},{"duration":5}]},{"name":"head","rotateFrame":[{"duration":4,"tweenEasing":0,"rotate":8},{"duration":5,"rotate":-9}]},{"name":"upperarm_l","rotateFrame":[{"duration":4,"tweenEasing":0},{"duration":5,"rotate":-49}]},{"name":"forearm_l","rotateFrame":[{"duration":4,"tweenEasing":0,"rotate":-22},{"duration":5,"rotate":-56}]},{"name":"upperarm_r","rotateFrame":[{"duration":4,"tweenEasing":0},{"duration":5,"rotate":35}]},{"name":"forearm_r","rotateFrame":[{"duration":4,"tweenEasing":0},{"duration":5,"rotate":30}]},{"name":"bone_ikTarget","translateFrame":[{"duration":4,"tweenEasing":0,"x":-16.3,"y":0.88},{"duration":5,"x":6.9,"y":-21.22}],"scaleFrame":[{"duration":9,"x":0.93,"y":0.93}]},{"name":"m3_fx1","translateFrame":[{"duration":4,"tweenEasing":0,"x":-31.84,"y":-101.39},{"duration":5,"x":-53.7,"y":-103.39}],"rotateFrame":[{"duration":9,"rotate":-45}]}],"slot":[{"name":"m3_fx1","displayFrame":[{"duration":3,"value":-1},{},{"value":1},{"value":2},{"value":3},{"value":4},{"value":5},{"duration":0,"value":-1}]}]},{"duration":4,"playTimes":0,"name":"Hurt","bone":[{"name":"m_centre","translateFrame":[{"duration":4,"tweenEasing":0},{"duration":0,"x":-0.51,"y":1.51}]},{"name":"spine","translateFrame":[{"duration":4,"tweenEasing":0},{"duration":0,"x":-4.56,"y":4.02}],"rotateFrame":[{"duration":4,"tweenEasing":0},{"duration":0,"rotate":22}],"scaleFrame":[{"duration":4,"tweenEasing":0},{"duration":0,"x":1.25,"y":1.19}]},{"name":"upperarm_l","rotateFrame":[{"duration":4,"tweenEasing":0},{"duration":0,"rotate":13}]},{"name":"upperarm_r","rotateFrame":[{"duration":4,"tweenEasing":0},{"duration":0,"rotate":-10}]}],"slot":[{"name":"m3_fx1","displayFrame":[{"duration":4,"value":-1}]}]},{"duration":12,"playTimes":0,"name":"Died","bone":[{"name":"m_centre","translateFrame":[{"duration":6,"tweenEasing":0},{"duration":6,"tweenEasing":0,"x":22.68,"y":1.97},{"duration":0,"x":45.37,"y":47.33}]},{"name":"spine","rotateFrame":[{"duration":6,"tweenEasing":0},{"duration":6,"tweenEasing":0,"rotate":29},{"duration":0,"rotate":88}]},{"name":"upperarm_l","rotateFrame":[{"duration":12,"tweenEasing":0},{"duration":0,"rotate":47}]},{"name":"upperarm_r","rotateFrame":[{"duration":12,"tweenEasing":0},{"duration":0,"rotate":-48.4}]},{"name":"bone_ikTarget","translateFrame":[{"duration":3},{"duration":3,"tweenEasing":0,"x":-7.51,"y":-2.92},{"duration":3,"tweenEasing":0,"x":-35.92,"y":-21.65},{"duration":3,"tweenEasing":0,"x":-24.17,"y":-75.47},{"duration":0,"x":-27.22,"y":-2.46}]},{"name":"bone_ikTarget1","translateFrame":[{"duration":3},{"duration":3,"tweenEasing":0,"x":1.25,"y":-7.09},{"duration":3,"tweenEasing":0,"x":-12.43,"y":-47.14},{"duration":3,"tweenEasing":0,"x":1.71,"y":-47.56},{"duration":0,"x":9.18,"y":0.42}]}],"slot":[{"name":"m3_fx1","displayFrame":[{"duration":12,"value":-1}]}]}],"defaultActions":[{"gotoAndPlay":"Idle"}]}]}