{"SubTexture":[{"width":146,"y":399,"height":46,"name":"m4/shadow2","x":280},{"width":22,"y":1,"height":37,"name":"m4/upperarm_r","x":488},{"width":35,"y":447,"height":42,"name":"m4/forearm_r","x":402},{"width":140,"y":285,"height":144,"name":"m4/arms","x":1},{"width":26,"y":431,"height":44,"name":"m4/thigh_r","x":110},{"width":14,"y":115,"height":50,"name":"m4/calf_r","x":488},{"width":10,"y":40,"height":73,"name":"m4/spine","x":488},{"width":13,"y":167,"height":49,"name":"m4/thigh_l","x":488},{"width":23,"y":1,"height":40,"name":"m4/calf_l","x":463},{"width":68,"y":285,"height":83,"name":"m4/head2","x":143},{"width":107,"y":431,"height":71,"name":"m4/head1","x":1},{"width":26,"y":477,"height":34,"name":"m4/upperarm_l","x":110},{"width":22,"y":1,"height":42,"name":"m4/forearm_l","x":439},{"frameHeight":282,"y":1,"frameX":-1,"width":145,"frameY":-44,"height":238,"name":"m4/fx2","frameWidth":218,"x":221},{"frameHeight":282,"y":399,"frameX":-1,"width":135,"frameY":-195,"height":87,"name":"m4/fx4","frameWidth":218,"x":143},{"frameHeight":282,"y":447,"frameX":-1,"width":120,"frameY":-238,"height":44,"name":"m4/fx5","frameWidth":218,"x":280},{"width":218,"y":1,"height":282,"name":"m4/fx1","x":1},{"frameHeight":282,"y":241,"frameX":-1,"width":145,"frameY":-126,"height":156,"name":"m4/fx3","frameWidth":218,"x":221}],"width":512,"height":512,"name":"monster_4","imagePath":"monster_4_tex.png"}