{"SubTexture":[{"width":146,"y":335,"height":46,"name":"m2/shadow2","x":1},{"width":44,"y":458,"height":23,"name":"m2/upperarm_r","x":1},{"width":62,"y":383,"height":73,"name":"m2/forearm_r","x":1},{"width":47,"y":369,"height":29,"name":"m2/thigh_r","x":500},{"width":15,"y":434,"height":51,"name":"m2/calf_r","x":84},{"width":51,"y":304,"height":36,"name":"m2/foot_r","x":500},{"width":17,"y":434,"height":73,"name":"m2/spine","x":65},{"width":28,"y":383,"height":50,"name":"m2/thigh_l","x":109},{"width":58,"y":342,"height":25,"name":"m2/calf_l","x":500},{"width":42,"y":383,"height":49,"name":"m2/foot_l","x":65},{"width":92,"y":304,"height":85,"name":"m2/head1","x":332},{"width":72,"y":304,"height":85,"name":"m2/head2","x":426},{"width":48,"y":483,"height":20,"name":"m2/upperarm_l","x":1},{"width":66,"y":335,"height":72,"name":"m2/forearm_l","x":149},{"frameHeight":332,"y":1,"frameX":0,"width":168,"frameY":-87,"height":243,"name":"m2/fx3","frameWidth":329,"x":562},{"width":329,"y":1,"height":332,"name":"m2/fx1","x":1},{"frameHeight":332,"y":246,"frameX":0,"width":132,"frameY":-134,"height":192,"name":"m2/fx4","frameWidth":329,"x":562},{"frameHeight":332,"y":1,"frameX":-1,"width":228,"frameY":-30,"height":301,"name":"m2/fx2","frameWidth":329,"x":332}],"width":732,"height":509,"name":"monster_2","imagePath":"monster_2_tex.png"}