{"SubTexture":[{"width":22,"y":71,"height":35,"name":"m7/upperarm_r","x":481},{"width":24,"y":108,"height":32,"name":"m7/forearm_r","x":481},{"width":186,"y":87,"height":48,"name":"m7/arms","x":1},{"width":28,"y":1,"height":32,"name":"m7/thigh_r","x":470},{"width":11,"y":87,"height":38,"name":"m7/calf_r","x":433},{"width":14,"y":1,"height":76,"name":"m7/spine","x":454},{"width":14,"y":35,"height":32,"name":"m7/thigh_l","x":496},{"width":24,"y":35,"height":34,"name":"m7/calf_l","x":470},{"width":65,"y":87,"height":61,"name":"m7/head","x":337},{"width":27,"y":87,"height":28,"name":"m7/upperarm_l","x":404},{"width":25,"y":79,"height":40,"name":"m7/forearm_l","x":454},{"width":146,"y":87,"height":46,"name":"m7/shadow2","x":189},{"frameHeight":104,"y":1,"frameX":-126,"width":451,"frameY":-16,"height":84,"name":"m7/fx_1","frameWidth":637,"x":1}],"width":512,"height":150,"name":"monster_7","imagePath":"monster_7_tex.png"}