{"frameRate":24,"name":"monster_11","version":"5.5","compatibleVersion":"5.5","armature":[{"type":"Armature","frameRate":24,"name":"Armature","aabb":{"x":-73,"y":-162.23,"width":241.76,"height":185.23},"bone":[{"name":"root"},{"name":"m_centre","parent":"root","transform":{"y":-73.3451}},{"name":"bone_ikTarget","parent":"root","transform":{"x":42.5479,"y":-5.0352}},{"name":"m11_fx1","parent":"root","transform":{"x":-105.2703,"y":-68.9927,"scX":1.5,"scY":1.5}},{"name":"shadow2","parent":"root"},{"name":"bone_ikTarget1","parent":"root","transform":{"x":-17.6954,"y":-4.2431}},{"name":"head","parent":"m_centre","transform":{"x":2.85,"y":-21.6549}},{"length":39,"name":"thigh_l","parent":"m_centre","transform":{"x":15.75,"y":-2.7049,"skX":87.8362,"skY":87.8362}},{"length":45,"name":"thigh_r","parent":"m_centre","transform":{"x":-8.35,"y":-3.1049,"skX":129.7336,"skY":129.7336}},{"length":41,"name":"calf_l","parent":"thigh_l","transform":{"x":38.779,"y":-0.0359,"skX":-35.9353,"skY":-35.9353}},{"length":42,"name":"calf_r","parent":"thigh_r","transform":{"x":45.8372,"skX":-68.1,"skY":-68.1}},{"name":"eye","parent":"head","transform":{"x":-7.1,"y":1.7}}],"slot":[{"name":"shadow2","parent":"shadow2"},{"name":"thigh_l","parent":"thigh_l"},{"name":"calf_l","parent":"calf_l"},{"name":"thigh_r","parent":"thigh_r"},{"name":"calf_r","parent":"calf_r"},{"name":"head","parent":"head"},{"name":"eye","parent":"eye"},{"name":"m11_fx1","parent":"m11_fx1"}],"ik":[{"bendPositive":false,"chain":1,"name":"bone_ik","bone":"calf_l","target":"bone_ikTarget"},{"bendPositive":false,"chain":1,"name":"bone_ik1","bone":"calf_r","target":"bone_ikTarget1"}],"skin":[{"slot":[{"name":"head","display":[{"name":"m11/head","transform":{"x":1.51,"y":-16.73}}]},{"name":"thigh_r","display":[{"name":"m11/thigh_r","transform":{"x":23.47,"y":-0.28,"skX":-129.73,"skY":-129.73}}]},{"name":"thigh_l","display":[{"name":"m11/thigh_l","transform":{"x":20.35,"y":-0.34,"skX":-87.84,"skY":-87.84}}]},{"name":"calf_l","display":[{"name":"m11/calf_l","transform":{"x":20.04,"y":-0.32,"skX":-51.9,"skY":-51.9}}]},{"name":"shadow2","display":[{"name":"m11/shadow2"}]},{"name":"calf_r","display":[{"name":"m11/calf_r","transform":{"x":20.28,"y":-0.22,"skX":-80.64,"skY":-80.64}}]},{"name":"m11_fx1","display":[{"name":"m11/m11_fx1","transform":{"x":102.69,"y":-14.6}},{"name":"m11/m11_fx2","transform":{"x":102.69,"y":-14.6}},{"name":"m11/m11_fx3","transform":{"x":102.69,"y":-14.6}},{"name":"m11/m11_fx4","transform":{"x":102.69,"y":-14.6}}]},{"name":"eye","display":[{"name":"m11/eye","transform":{"x":2.11,"y":0.07}}]}]}],"animation":[{"duration":24,"playTimes":0,"name":"Idle","bone":[{"name":"m_centre","translateFrame":[{"duration":12,"tweenEasing":0},{"duration":12,"tweenEasing":0,"x":-2.04,"y":-0.12},{"duration":0}]},{"name":"head","translateFrame":[{"duration":12,"tweenEasing":0},{"duration":12,"tweenEasing":0,"y":7.16},{"duration":0}]},{"name":"eye","scaleFrame":[{"duration":12,"tweenEasing":0},{"duration":12,"tweenEasing":0,"y":0.75},{"duration":0}]}],"slot":[{"name":"m11_fx1","displayFrame":[{"duration":24,"value":-1}]}]},{"duration":4,"playTimes":0,"name":"Hurt","bone":[{"name":"m_centre","translateFrame":[{"duration":4,"tweenEasing":0},{"duration":0,"x":18.06}]},{"name":"head","rotateFrame":[{"duration":4,"tweenEasing":0},{"duration":0,"rotate":10}],"scaleFrame":[{"duration":4,"tweenEasing":0},{"duration":0,"x":1.1,"y":1.1}]},{"name":"eye","scaleFrame":[{"duration":4,"tweenEasing":0},{"duration":0,"x":0.65}]}],"slot":[{"name":"m11_fx1","displayFrame":[{"duration":4,"value":-1}]}]},{"duration":12,"playTimes":0,"name":"Died","bone":[{"name":"m_centre","translateFrame":[{"duration":4,"tweenEasing":0,"x":18.06},{"duration":4,"tweenEasing":0,"x":18.06,"y":4.52},{"duration":4,"tweenEasing":0,"x":27.71,"y":-5.66},{"duration":0,"x":77.07,"y":58.13}],"rotateFrame":[{"duration":8,"tweenEasing":0},{"duration":4,"tweenEasing":0,"rotate":11},{"duration":0,"rotate":58}]},{"name":"bone_ikTarget","translateFrame":[{"duration":4,"tweenEasing":0},{"duration":4,"tweenEasing":0},{"duration":4,"tweenEasing":0,"x":-45.89,"y":-17.34},{"duration":0,"x":-33.78,"y":2.65}]},{"name":"bone_ikTarget1","translateFrame":[{"duration":4,"tweenEasing":0},{"duration":4,"tweenEasing":0},{"duration":4,"tweenEasing":0,"x":-5.91,"y":-21.84},{"duration":0,"x":11.72,"y":1.07}]},{"name":"head","rotateFrame":[{"duration":8,"tweenEasing":0,"rotate":10},{"duration":4,"tweenEasing":0,"rotate":33},{"duration":0,"rotate":44}],"scaleFrame":[{"duration":12,"x":1.1,"y":1.1}]},{"name":"eye","scaleFrame":[{"duration":8,"tweenEasing":0,"x":0.84},{"duration":4,"tweenEasing":0,"x":0.65},{"duration":0,"x":0.01}]}],"slot":[{"name":"m11_fx1","displayFrame":[{"duration":12,"value":-1}]}]},{"duration":8,"playTimes":0,"name":"Attack","frame":[{"duration":4},{"duration":0,"events":[{"ints":[11],"name":"checkAttack"}]}],"bone":[{"name":"m_centre","translateFrame":[{"duration":2,"tweenEasing":0,"x":38.15,"y":13.19},{"duration":2,"tweenEasing":0,"x":5.16,"y":7.46},{"duration":4,"x":-20.91,"y":18.36}],"rotateFrame":[{"duration":4,"tweenEasing":0,"rotate":44},{"duration":4,"rotate":-13}]},{"name":"head","rotateFrame":[{"duration":4,"tweenEasing":0,"rotate":18},{"duration":4,"rotate":-36}]}],"slot":[{"name":"m11_fx1","displayFrame":[{"duration":4,"value":-1},{},{"value":1},{"value":2},{"value":3},{"duration":0,"value":-1}]}]},{"duration":12,"playTimes":0,"name":"Run","bone":[{"name":"m_centre","translateFrame":[{"duration":3,"tweenEasing":0},{"duration":3,"tweenEasing":0,"y":-5.75},{"duration":3,"tweenEasing":0},{"duration":3,"tweenEasing":0,"y":-10.46},{"duration":0}]},{"name":"bone_ikTarget","translateFrame":[{"duration":3,"tweenEasing":0,"x":29.88,"y":-44.42},{"duration":3,"tweenEasing":0,"x":-43.89,"y":0.58},{"duration":3,"tweenEasing":0,"x":-60.17,"y":0.49},{"duration":3,"tweenEasing":0,"x":-3.58,"y":-33.93},{"duration":0,"x":29.88,"y":-44.42}]},{"name":"bone_ikTarget1","translateFrame":[{"duration":3,"tweenEasing":0,"x":-33.97,"y":1.33},{"duration":3,"tweenEasing":0,"x":48.56,"y":-32.26},{"duration":3,"tweenEasing":0,"x":78.3,"y":-53.02},{"duration":3,"tweenEasing":0,"x":39.46,"y":-1.75},{"duration":0,"x":-33.97,"y":1.33}]},{"name":"eye","scaleFrame":[{"duration":6,"tweenEasing":0},{"duration":6,"tweenEasing":0,"x":0.55,"y":0.75},{"duration":0}]}],"slot":[{"name":"m11_fx1","displayFrame":[{"duration":12,"value":-1}]}]}],"defaultActions":[{"gotoAndPlay":"Idle"}]}]}