{"SubTexture":[{"width":34,"y":65,"height":28,"name":"m12/upperarm_r","x":37},{"width":22,"y":49,"height":35,"name":"m12/forearm_r","x":120},{"width":46,"y":1,"height":126,"name":"m12/spine1","x":149},{"width":16,"y":65,"height":44,"name":"m12/calf_r","x":100},{"width":34,"y":95,"height":27,"name":"m12/thigh_r","x":37},{"width":11,"y":99,"height":61,"name":"m12/spine","x":78},{"width":19,"y":86,"height":36,"name":"m12/thigh_l","x":118},{"width":34,"y":65,"height":37,"name":"m12/calf_l","x":1},{"width":33,"y":104,"height":20,"name":"m12/upperarm_l","x":1},{"width":25,"y":65,"height":32,"name":"m12/forearm_l","x":73},{"width":75,"y":129,"height":61,"name":"m12/head","x":1},{"width":117,"y":49,"height":14,"name":"m12/arrow","x":1},{"width":40,"y":1,"height":129,"name":"m12/bow","x":197},{"width":146,"y":1,"height":46,"name":"m12/shadow2","x":1}],"width":239,"height":192,"name":"monster_12","imagePath":"monster_12_tex.png"}