{"SubTexture":[{"width":26,"y":344,"height":38,"name":"m3/upperarm_r","x":437},{"width":34,"y":444,"height":44,"name":"m3/forearm_r","x":310},{"width":23,"y":344,"height":40,"name":"m3/thigh_r","x":465},{"width":16,"y":386,"height":52,"name":"m3/calf_r","x":473},{"width":14,"y":305,"height":78,"name":"m3/spine","x":421},{"width":24,"y":355,"height":47,"name":"m3/thigh_l","x":394},{"width":29,"y":444,"height":45,"name":"m3/calf_l","x":346},{"width":77,"y":406,"height":102,"name":"m3/head2","x":394},{"width":77,"y":332,"height":110,"name":"m3/head1","x":315},{"width":27,"y":305,"height":37,"name":"m3/upperarm_l","x":437},{"width":25,"y":305,"height":48,"name":"m3/forearm_l","x":394},{"frameHeight":145,"y":406,"frameX":-10,"width":307,"frameY":-43,"height":70,"name":"m3/m3_fx6","frameWidth":343,"x":1},{"frameHeight":145,"y":332,"frameX":-10,"width":312,"frameY":-41,"height":72,"name":"m3/m3_fx5","frameWidth":343,"x":1},{"frameHeight":145,"y":257,"frameX":-10,"width":319,"frameY":-41,"height":73,"name":"m3/m3_fx4","frameWidth":343,"x":1},{"frameHeight":145,"y":90,"frameX":-10,"width":329,"frameY":-33,"height":84,"name":"m3/m3_fx2","frameWidth":343,"x":1},{"frameHeight":145,"y":176,"frameX":-10,"width":326,"frameY":-38,"height":79,"name":"m3/m3_fx3","frameWidth":343,"x":1},{"frameHeight":145,"y":1,"frameX":-10,"width":328,"frameY":-31,"height":87,"name":"m3/m3_fx1","frameWidth":343,"x":1},{"width":146,"y":257,"height":46,"name":"m3/shadow2","x":322}],"width":491,"height":510,"name":"monster_3","imagePath":"monster_3_tex.png"}