{"SubTexture":[{"width":70,"y":399,"height":73,"name":"m1/head","x":260},{"width":27,"y":285,"height":75,"name":"m1/spine","x":176},{"width":40,"y":445,"height":23,"name":"m1/upperarm_r","x":180},{"width":19,"y":446,"height":42,"name":"m1/forearm_r","x":332},{"width":16,"y":446,"height":42,"name":"m1/upperarm_l","x":353},{"width":28,"y":362,"height":33,"name":"m1/forearm_l","x":169},{"width":24,"y":445,"height":38,"name":"m1/thigh_r","x":222},{"width":29,"y":445,"height":40,"name":"m1/calf_r","x":149},{"width":29,"y":358,"height":35,"name":"m1/thigh_l","x":138},{"width":20,"y":399,"height":45,"name":"m1/calf_l","x":332},{"width":173,"y":285,"height":71,"name":"m1/arms","x":1},{"frameHeight":282,"y":1,"frameX":-1,"width":145,"frameY":-44,"height":238,"name":"m1/fx2","frameWidth":218,"x":221},{"width":218,"y":1,"height":282,"name":"m1/fx1","x":1},{"frameHeight":282,"y":241,"frameX":-1,"width":145,"frameY":-126,"height":156,"name":"m1/fx3","frameWidth":218,"x":221},{"frameHeight":282,"y":358,"frameX":-1,"width":135,"frameY":-195,"height":87,"name":"m1/fx4","frameWidth":218,"x":1},{"frameHeight":282,"y":399,"frameX":-1,"width":120,"frameY":-238,"height":44,"name":"m1/fx5","frameWidth":218,"x":138},{"width":146,"y":447,"height":46,"name":"m1/shadow2","x":1}],"width":371,"height":495,"name":"monster_1","imagePath":"monster_1_tex.png"}