{"frameRate":24,"name":"monster_4","version":"5.5","compatibleVersion":"5.5","armature":[{"type":"Armature","frameRate":24,"name":"Armature","aabb":{"x":-149.23,"y":-336.94,"width":276.77,"height":359.94},"bone":[{"name":"root"},{"name":"m_centre","parent":"root","transform":{"y":-68}},{"name":"bone_ikTarget","parent":"root","transform":{"x":21.7682,"y":-4.9005}},{"name":"bone_ikTarget1","parent":"root","transform":{"x":-29.5646,"y":-3.297}},{"name":"shadow2","parent":"root","transform":{"y":5.55}},{"length":41,"name":"thigh_r","parent":"m_centre","transform":{"x":1.55,"y":-9.75,"skX":121.4,"skY":121.4}},{"length":44,"name":"thigh_l","parent":"m_centre","transform":{"x":4.1,"y":-9.4,"skX":83.79,"skY":83.79}},{"length":35,"name":"spine","parent":"m_centre","transform":{"x":2.049,"y":-7.2271,"skX":-90.2452,"skY":-90.2452}},{"length":34,"name":"calf_l","parent":"thigh_l","transform":{"x":41.4177,"y":0.0426,"skX":-16.69,"skY":-16.69}},{"length":33,"name":"spine1","parent":"spine","transform":{"x":35.0514,"y":-0.25,"skX":0.7645,"skY":0.7645}},{"length":40,"name":"calf_r","parent":"thigh_r","transform":{"x":41.6769,"skX":-17.8076,"skY":-17.8076}},{"length":33,"name":"upperarm_l","parent":"spine1","transform":{"x":20.7464,"y":-0.488,"skX":144.4887,"skY":144.4887}},{"length":30,"name":"upperarm_r","parent":"spine1","transform":{"x":18.2415,"y":-1.0154,"skX":-157.4552,"skY":-157.4552}},{"length":61,"name":"head1","parent":"spine1","transform":{"x":26.9971,"y":-0.4447,"skX":-0.5193,"skY":-0.5193}},{"length":43,"name":"forearm_r","parent":"upperarm_r","transform":{"x":30.0226,"y":0.3134,"skX":14.9966,"skY":14.9966}},{"length":33,"name":"forearm_l","parent":"upperarm_l","transform":{"x":33.568,"skX":15.4348,"skY":15.4348}},{"length":120,"name":"arms","parent":"forearm_r","transform":{"x":34.2801,"y":-1.3126,"skX":96.0172,"skY":96.0172}},{"name":"fx1","parent":"arms","transform":{"x":116.7423,"y":-7.71,"skX":-174,"skY":-174}}],"slot":[{"name":"shadow2","parent":"shadow2"},{"name":"upperarm_r","parent":"upperarm_r"},{"name":"forearm_r","parent":"forearm_r"},{"name":"arms","parent":"arms"},{"name":"thigh_r","parent":"thigh_r"},{"name":"calf_r","parent":"calf_r"},{"name":"spine","parent":"spine1"},{"name":"thigh_l","parent":"thigh_l"},{"name":"calf_l","parent":"calf_l"},{"name":"head1","parent":"head1"},{"name":"upperarm_l","parent":"upperarm_l"},{"name":"forearm_l","parent":"forearm_l"},{"name":"fx1","parent":"fx1"}],"ik":[{"bendPositive":false,"chain":1,"name":"bone_ik1","bone":"calf_r","target":"bone_ikTarget1"},{"bendPositive":false,"chain":1,"name":"bone_ik","bone":"calf_l","target":"bone_ikTarget"}],"skin":[{"slot":[{"name":"fx1","display":[{"name":"m4/fx1","transform":{"x":53.2,"y":-136.89}},{"name":"m4/fx2","transform":{"x":53.2,"y":-136.89}},{"name":"m4/fx3","transform":{"x":53.2,"y":-136.89}},{"name":"m4/fx4","transform":{"x":53.2,"y":-136.89}},{"name":"m4/fx5","transform":{"x":53.2,"y":-136.89}}]},{"name":"thigh_l","display":[{"name":"m4/thigh_l","transform":{"x":23.34,"y":0.57,"skX":-87.79,"skY":-87.79}}]},{"name":"calf_l","display":[{"name":"m4/calf_l","transform":{"x":17.86,"y":0.52,"skX":-65.1,"skY":-65.1}}]},{"name":"upperarm_l","display":[{"name":"m4/upperarm_l","transform":{"x":16.34,"y":-0.25,"skX":-55.01,"skY":-55.01}}]},{"name":"upperarm_r","display":[{"name":"m4/upperarm_r","transform":{"x":15.29,"y":0.04,"skX":-113.06,"skY":-113.06}}]},{"name":"spine","display":[{"type":"mesh","name":"m4/spine","width":10,"height":73,"vertices":[-2.07,-134.56,7.93,-134.56,-2.07,-61.56,7.93,-61.56,7.93,-99.15,-2.07,-99.15,7.93,-104.75,-2.07,-104.6,-2.07,-93.25,7.93,-93.25],"uvs":[0,0,1,0,0,1,1,1,1,0.48507,0,0.49329,1,0.40836,0,0.41737,0,0.57282,1,0.57206],"triangles":[0,7,6,8,2,3,5,8,9,8,3,9,0,6,1,6,7,4,7,5,4,5,9,4],"weights":[2,7,0.022064,9,0.977936,2,7,0.021707,9,0.978293,2,7,0.975303,9,0.024697,2,7,0.976946,9,0.023054,2,7,0.531781,9,0.468219,2,7,0.48275,9,0.51725,2,7,0.364163,9,0.635837,2,7,0.330854,9,0.669146,2,7,0.73263,9,0.26737,2,7,0.74791,9,0.25209],"slotPose":[1,0,0,1,0,0],"bonePose":[7,-0.00428,-0.999991,0.999991,-0.00428,3.05,-65,9,0.009063,-0.999959,0.999959,0.009063,2.65,-100.05],"edges":[0,1,3,2,1,6,6,4,5,7,7,0,2,8,8,5,4,9,9,3],"userEdges":[]}]},{"name":"arms","display":[{"name":"m4/arms","transform":{"x":72.48,"y":6.02,"skX":135.92,"skY":135.92}}]},{"name":"thigh_r","display":[{"name":"m4/thigh_r","transform":{"x":20.64,"y":-0.62,"skX":-113.4,"skY":-113.4}}]},{"name":"forearm_l","display":[{"name":"m4/forearm_l","transform":{"x":14.4,"y":0.52,"skX":-70.44,"skY":-70.44}}]},{"name":"head1","display":[{"name":"m4/head1","transform":{"x":29.01,"y":1.98,"skX":90,"skY":90}},{"name":"m4/head2","transform":{"x":35.01,"y":2.48,"skX":90,"skY":90}}]},{"name":"forearm_r","display":[{"name":"m4/forearm_r","transform":{"x":20.33,"y":-0.07,"skX":-128.06,"skY":-128.06}}]},{"name":"calf_r","display":[{"name":"m4/calf_r","transform":{"x":17.96,"y":-0.68,"skX":-95.59,"skY":-95.59}}]},{"name":"shadow2","display":[{"name":"m4/shadow2","transform":{"y":-5.55}}]}]}],"animation":[{"duration":12,"playTimes":0,"name":"Run","bone":[{"name":"m_centre","translateFrame":[{"duration":3,"tweenEasing":0,"y":5.42},{"duration":3,"tweenEasing":0,"y":-2.71},{"duration":3,"tweenEasing":0,"y":5.42},{"duration":3,"tweenEasing":0,"y":-2.71},{"duration":0,"y":5.42}]},{"name":"spine","rotateFrame":[{"duration":3,"tweenEasing":0},{"duration":3,"tweenEasing":0,"rotate":3},{"duration":3,"tweenEasing":0},{"duration":3,"tweenEasing":0,"rotate":3},{"duration":0}]},{"name":"spine1","rotateFrame":[{"duration":3,"tweenEasing":0},{"duration":3,"tweenEasing":0,"rotate":-3},{"duration":3,"tweenEasing":0},{"duration":3,"tweenEasing":0,"rotate":-3},{"duration":0}]},{"name":"upperarm_r","rotateFrame":[{"duration":6,"tweenEasing":0},{"duration":6,"tweenEasing":0,"rotate":-70.54},{"duration":0}]},{"name":"upperarm_l","rotateFrame":[{"duration":6,"tweenEasing":0},{"duration":6,"tweenEasing":0,"rotate":58.51},{"duration":0}]},{"name":"calf_l","translateFrame":[{"duration":12,"x":1.58,"y":1.12}]},{"name":"calf_r","translateFrame":[{"duration":3,"tweenEasing":0,"x":0.75,"y":-1.64},{"duration":3,"tweenEasing":0,"x":0.65,"y":-0.08},{"duration":3,"tweenEasing":0,"x":-0.29,"y":-1.98},{"duration":3,"tweenEasing":0,"x":1.12,"y":0.43},{"duration":0,"x":0.75,"y":-1.64}]},{"name":"bone_ikTarget1","translateFrame":[{"duration":3,"tweenEasing":0},{"duration":3,"tweenEasing":0,"x":57.04,"y":0.6},{"duration":3,"tweenEasing":0,"x":90.85,"y":-41.24},{"duration":3,"tweenEasing":0,"x":57.04,"y":0.6},{"duration":0}]},{"name":"bone_ikTarget","translateFrame":[{"duration":3,"tweenEasing":0,"x":38.24,"y":-40.96},{"duration":3,"tweenEasing":0,"x":-27.83,"y":-12.58},{"duration":3,"tweenEasing":0,"x":-49.57,"y":-2.18},{"duration":3,"tweenEasing":0,"x":-27.83,"y":-12.58},{"duration":0,"x":38.24,"y":-40.96}]}],"slot":[{"name":"fx1","displayFrame":[{"duration":12,"value":-1}]}]},{"duration":24,"playTimes":0,"name":"Idle","bone":[{"name":"m_centre","translateFrame":[{"duration":12,"tweenEasing":0},{"duration":12,"tweenEasing":0,"x":-2.7,"y":1.32},{"duration":0}]},{"name":"head1","rotateFrame":[{"duration":12,"tweenEasing":0},{"duration":12,"tweenEasing":0,"rotate":-5},{"duration":0}]},{"name":"upperarm_l","rotateFrame":[{"duration":12,"tweenEasing":0},{"duration":12,"tweenEasing":0,"rotate":-9},{"duration":0}]},{"name":"upperarm_r","rotateFrame":[{"duration":12,"tweenEasing":0},{"duration":12,"tweenEasing":0,"rotate":4},{"duration":0}]}],"slot":[{"name":"fx1","displayFrame":[{"duration":24,"value":-1}]}]},{"duration":4,"playTimes":0,"name":"Hurt","bone":[{"name":"m_centre","translateFrame":[{"duration":4,"tweenEasing":0},{"duration":0,"x":5.79,"y":2.59}]},{"name":"spine","rotateFrame":[{"duration":2,"tweenEasing":0},{"duration":2,"tweenEasing":0,"rotate":-1},{"duration":0,"rotate":6}]},{"name":"spine1","rotateFrame":[{"duration":4,"tweenEasing":0},{"duration":0,"rotate":5}]},{"name":"head1","rotateFrame":[{"duration":4,"tweenEasing":0},{"duration":0,"rotate":12}]},{"name":"upperarm_l","rotateFrame":[{"duration":4,"tweenEasing":0},{"duration":0,"rotate":-27}]},{"name":"upperarm_r","rotateFrame":[{"duration":4,"tweenEasing":0},{"duration":0,"rotate":27}]}],"slot":[{"name":"fx1","displayFrame":[{"duration":4,"value":-1}]}]},{"duration":10,"playTimes":0,"name":"Attack","frame":[{"duration":4},{"duration":0,"events":[{"ints":[4],"name":"checkAttack"}]}],"bone":[{"name":"m_centre","translateFrame":[{"duration":4,"tweenEasing":0,"x":6.18,"y":3.53},{"duration":6,"x":-19.99,"y":15.61}]},{"name":"bone_ikTarget","translateFrame":[{"duration":4,"tweenEasing":0},{"duration":6,"x":8.2}]},{"name":"spine","rotateFrame":[{"duration":4,"tweenEasing":0,"rotate":14},{"duration":6,"rotate":-49}]},{"name":"spine1","rotateFrame":[{"duration":4,"tweenEasing":0,"rotate":11},{"duration":6,"rotate":-26}]},{"name":"head1","rotateFrame":[{"duration":4,"tweenEasing":0,"rotate":11},{"duration":6,"rotate":-6}]},{"name":"upperarm_l","rotateFrame":[{"duration":2,"tweenEasing":0,"rotate":148},{"duration":2,"tweenEasing":0,"rotate":145},{"duration":6,"rotate":78}]},{"name":"upperarm_r","rotateFrame":[{"duration":2,"tweenEasing":0,"rotate":116},{"duration":2,"tweenEasing":0,"rotate":99},{"duration":6,"rotate":40}]},{"name":"forearm_r","rotateFrame":[{"duration":4,"tweenEasing":0},{"duration":6,"rotate":-6}]},{"name":"forearm_l","rotateFrame":[{"duration":4,"tweenEasing":0,"rotate":28},{"duration":6,"rotate":7}]},{"name":"arms","rotateFrame":[{"duration":4,"tweenEasing":0},{"duration":6,"rotate":-9}]}],"slot":[{"name":"head1","displayFrame":[{"duration":4},{"duration":6,"value":1}]},{"name":"fx1","displayFrame":[{"duration":4,"value":-1},{},{"value":1},{"value":2},{"value":3},{"duration":2,"value":4},{"duration":0,"value":-1}],"colorFrame":[{"duration":9},{"value":{"aM":50}}]}]},{"duration":12,"playTimes":0,"name":"Died","bone":[{"name":"m_centre","translateFrame":[{"duration":5,"tweenEasing":0},{"duration":7,"tweenEasing":0,"x":3.56,"y":-17.59},{"duration":0,"x":58.75,"y":73.17}]},{"name":"bone_ikTarget","translateFrame":[{"duration":5,"tweenEasing":0},{"duration":7,"tweenEasing":0,"x":-73.14,"y":-130.68},{"duration":0,"x":-33.92,"y":1.69}]},{"name":"bone_ikTarget1","translateFrame":[{"duration":5,"tweenEasing":0},{"duration":7,"tweenEasing":0,"x":-21.01,"y":-142.46},{"duration":0,"x":17.37,"y":0.46}]},{"name":"spine","rotateFrame":[{"duration":5,"tweenEasing":0},{"duration":7,"tweenEasing":0,"rotate":54.67},{"duration":0,"rotate":88}]},{"name":"spine1","rotateFrame":[{"duration":5,"tweenEasing":0},{"duration":7,"tweenEasing":0,"rotate":-24},{"duration":0,"rotate":-2}]},{"name":"upperarm_l","rotateFrame":[{"duration":5,"tweenEasing":0},{"duration":7,"tweenEasing":0,"rotate":110.51},{"duration":0,"rotate":35.51}]},{"name":"upperarm_r","rotateFrame":[{"duration":5,"tweenEasing":0},{"duration":7,"tweenEasing":0,"rotate":70},{"duration":0,"rotate":-22.54}]},{"name":"head1","rotateFrame":[{"duration":5,"tweenEasing":0},{"duration":7,"tweenEasing":0,"rotate":-10},{"duration":0,"rotate":2}]},{"name":"arms","rotateFrame":[{"duration":12,"tweenEasing":0},{"duration":0,"rotate":-109}]}],"slot":[{"name":"fx1","displayFrame":[{"duration":12,"value":-1}]}]}],"defaultActions":[{"gotoAndPlay":"Run"}]}]}