{"SubTexture":[{"width":146,"y":296,"height":46,"name":"m11/shadow2","x":1},{"width":14,"y":157,"height":49,"name":"m11/thigh_l","x":225},{"width":36,"y":267,"height":43,"name":"m11/calf_l","x":191},{"width":40,"y":267,"height":46,"name":"m11/thigh_r","x":149},{"width":18,"y":103,"height":52,"name":"m11/calf_r","x":220},{"width":133,"y":193,"height":101,"name":"m11/head","x":1},{"width":38,"y":312,"height":34,"name":"m11/eye","x":191},{"width":240,"y":1,"height":100,"name":"m11/m11_fx1","x":1},{"frameHeight":100,"y":103,"frameX":0,"width":153,"frameY":-12,"height":88,"name":"m11/m11_fx2","frameWidth":240,"x":1},{"frameHeight":100,"y":103,"frameX":-1,"width":62,"frameY":-38,"height":62,"name":"m11/m11_fx4","frameWidth":240,"x":156},{"frameHeight":100,"y":193,"frameX":0,"width":87,"frameY":-28,"height":72,"name":"m11/m11_fx3","frameWidth":240,"x":136}],"width":243,"height":348,"name":"monster_11","imagePath":"monster_11_tex.png"}