{"frameRate":24,"name":"monster_7","version":"5.5","compatibleVersion":"5.5","armature":[{"type":"Armature","frameRate":24,"name":"Armature","aabb":{"x":-279.29,"y":-177.24,"width":637,"height":200.24},"bone":[{"name":"root"},{"name":"m_centre","parent":"root","transform":{"y":-52.2194}},{"name":"bone_ikTarget","parent":"root","transform":{"x":23.8495,"y":-4.1868}},{"name":"shadow2","parent":"root","transform":{"y":6}},{"name":"bone_ikTarget1","parent":"root","transform":{"x":-24.9419,"y":-3.5546}},{"length":32,"name":"thigh_r","parent":"m_centre","transform":{"x":1.95,"y":-4.2806,"skX":128.2975,"skY":128.2975}},{"length":25,"name":"thigh_l","parent":"m_centre","transform":{"x":4.45,"y":-1.4306,"skX":79.8048,"skY":79.8048}},{"length":35,"name":"spine","parent":"m_centre","transform":{"x":3.1063,"y":-4.7985,"skX":-92.9149,"skY":-92.9149}},{"length":29,"name":"spine1","parent":"spine","transform":{"x":35.4009,"y":-0.0999,"skX":0.5576,"skY":0.5576}},{"length":30,"name":"calf_r","parent":"thigh_r","transform":{"x":30.5477,"y":-0.1162,"skX":-22.73,"skY":-22.73}},{"length":30,"name":"calf_l","parent":"thigh_l","transform":{"x":24.1477,"y":0.5142,"skX":-21.2074,"skY":-21.2074}},{"length":30,"name":"upperarm_r","parent":"spine1","transform":{"x":22.2943,"y":-1.8346,"skX":-152.5573,"skY":-152.5573}},{"length":50,"name":"head","parent":"spine1","transform":{"x":28.7415,"y":-0.4182,"skX":9.0004,"skY":9.0004}},{"length":28,"name":"upperarm_l","parent":"spine1","transform":{"x":21.8336,"y":0.8488,"skX":138.4918,"skY":138.4918}},{"length":30,"name":"forearm_r","parent":"upperarm_r","transform":{"x":28.5928,"y":0.0911,"skX":6.6089,"skY":6.6089}},{"length":32,"name":"forearm_l","parent":"upperarm_l","transform":{"x":26.3942,"y":-0.044,"skX":17.9275,"skY":17.9275}},{"length":82,"name":"arms","parent":"forearm_r","transform":{"x":20.3292,"y":-0.2769,"skX":61.2165,"skY":61.2165}},{"name":"fx_1","parent":"arms","transform":{"x":94.8705,"y":-0.7477,"skX":177.0892,"skY":177.0892}}],"slot":[{"name":"upperarm_r","parent":"upperarm_r"},{"name":"forearm_r","parent":"forearm_r"},{"name":"arms","parent":"arms"},{"name":"thigh_r","parent":"thigh_r"},{"name":"calf_r","parent":"calf_r"},{"name":"spine","parent":"spine1"},{"name":"thigh_l","parent":"thigh_l"},{"name":"calf_l","parent":"calf_l"},{"name":"head","parent":"head"},{"name":"upperarm_l","parent":"upperarm_l"},{"name":"forearm_l","parent":"forearm_l"},{"name":"shadow2","parent":"shadow2"},{"name":"fx_1","parent":"fx_1"}],"ik":[{"bendPositive":false,"chain":1,"name":"bone_ik1","bone":"calf_r","target":"bone_ikTarget1"},{"bendPositive":false,"chain":1,"name":"bone_ik","bone":"calf_l","target":"bone_ikTarget"}],"skin":[{"slot":[{"name":"shadow2","display":[{"name":"m7/shadow2","transform":{"y":-6}}]},{"name":"calf_r","display":[{"name":"m7/calf_r","transform":{"x":14.43,"y":-0.38,"skX":-92.57,"skY":-92.57}}]},{"name":"thigh_l","display":[{"name":"m7/thigh_l","transform":{"x":13.17,"y":0.26,"skX":-79.8,"skY":-79.8}}]},{"name":"forearm_l","display":[{"name":"m7/forearm_l","transform":{"x":17,"y":0.02,"skX":-64.06,"skY":-64.06}}]},{"name":"upperarm_r","display":[{"name":"m7/upperarm_r","transform":{"x":15.15,"y":-0.49,"skX":-115.09,"skY":-115.09}}]},{"name":"calf_l","display":[{"name":"m7/calf_l","transform":{"x":14.17,"y":0.1,"skX":-58.6,"skY":-58.6}}]},{"name":"arms","display":[{"name":"m7/arms","transform":{"x":-5.58,"y":0.93,"skX":177.09,"skY":177.09}}]},{"name":"spine","display":[{"type":"mesh","name":"m7/spine","width":14,"height":76,"vertices":[-6.48,-120.64,7.52,-120.64,-6.48,-44.64,7.52,-44.64,7.52,-83.7,-6.48,-83.95,7.52,-79.15,-6.48,-79.15,-6.48,-88.65,7.52,-88.65],"uvs":[0,0,1,0,0,1,1,1,1,0.4861,0,0.48282,1,0.54597,0,0.54597,0,0.42097,1,0.42097],"triangles":[6,7,3,7,2,3,8,5,9,8,9,1,0,8,1,7,6,4,5,7,4,9,5,4],"weights":[1,8,1,1,8,1,1,7,1,1,7,1,2,7,0.509816,8,0.490184,2,7,0.490934,8,0.509066,2,7,0.79,8,0.21,2,7,0.8,8,0.2,2,7,0.2,8,0.8,2,7,0.2,8,0.8],"slotPose":[1,0,0,1,0,0],"bonePose":[7,-0.050853,-0.998706,0.998706,-0.050853,2.2,-48.75,8,-0.041132,-0.999154,0.999154,-0.041132,0.3,-84.1],"edges":[0,1,3,2,4,6,6,3,2,7,7,5,5,8,8,0,1,9,9,4],"userEdges":[]}]},{"name":"upperarm_l","display":[{"name":"m7/upperarm_l","transform":{"x":14.17,"y":0.11,"skX":-46.13,"skY":-46.13}}]},{"name":"thigh_r","display":[{"name":"m7/thigh_r","transform":{"x":15.93,"y":-0.57,"skX":-128.3,"skY":-128.3}}]},{"name":"forearm_r","display":[{"name":"m7/forearm_r","transform":{"x":13.54,"y":-0.11,"skX":-121.69,"skY":-121.69}}]},{"name":"fx_1","display":[{"name":"m7/fx_1","transform":{"x":158.19,"y":-2.36}}]},{"name":"head","display":[{"name":"m7/head","transform":{"x":25.93,"y":0.66,"skX":83.36,"skY":83.36}}]}]}],"animation":[{"duration":24,"playTimes":0,"name":"Idle","bone":[{"name":"m_centre","translateFrame":[{"duration":12,"tweenEasing":0},{"duration":12,"tweenEasing":0,"x":-1.44,"y":1.1},{"duration":0}]},{"name":"spine","rotateFrame":[{"duration":12,"tweenEasing":0},{"duration":12,"tweenEasing":0,"rotate":3},{"duration":0}]},{"name":"upperarm_r","rotateFrame":[{"duration":12,"tweenEasing":0},{"duration":12,"tweenEasing":0,"rotate":-4},{"duration":0}]},{"name":"upperarm_l","rotateFrame":[{"duration":12,"tweenEasing":0},{"duration":12,"tweenEasing":0,"rotate":-7},{"duration":0}]}],"slot":[{"name":"fx_1","displayFrame":[{"duration":24,"value":-1}]}]},{"duration":4,"playTimes":0,"name":"Hurt","bone":[{"name":"m_centre","translateFrame":[{"duration":4,"tweenEasing":0},{"duration":0,"x":7.4,"y":3.24}]},{"name":"spine","rotateFrame":[{"duration":4,"tweenEasing":0},{"duration":0,"rotate":20}]},{"name":"upperarm_r","rotateFrame":[{"duration":4,"tweenEasing":0},{"duration":0,"rotate":-15}]},{"name":"forearm_r","rotateFrame":[{"duration":4,"tweenEasing":0},{"duration":0,"rotate":13}]},{"name":"upperarm_l","rotateFrame":[{"duration":4,"tweenEasing":0},{"duration":0,"rotate":1}]},{"name":"forearm_l","rotateFrame":[{"duration":4,"tweenEasing":0},{"duration":0,"rotate":9}]}],"slot":[{"name":"fx_1","displayFrame":[{"duration":4,"value":-1}]}]},{"duration":12,"playTimes":0,"name":"Died","bone":[{"name":"m_centre","translateFrame":[{"duration":6,"tweenEasing":0},{"duration":6,"tweenEasing":0,"x":27.88,"y":1.4},{"duration":0,"x":55.76,"y":49.49}]},{"name":"spine","rotateFrame":[{"duration":12,"tweenEasing":0},{"duration":0,"rotate":87}]},{"name":"upperarm_r","rotateFrame":[{"duration":12,"tweenEasing":0},{"duration":0,"rotate":-25}]},{"name":"upperarm_l","rotateFrame":[{"duration":12,"tweenEasing":0},{"duration":0,"rotate":39.51}]},{"name":"arms","rotateFrame":[{"duration":12,"tweenEasing":0},{"duration":0,"rotate":-65}]},{"name":"bone_ikTarget","translateFrame":[{"duration":6,"tweenEasing":0},{"duration":6,"tweenEasing":0,"x":-36.75,"y":-25.47},{"duration":0,"x":-16.63,"y":3.29}]},{"name":"bone_ikTarget1","translateFrame":[{"duration":6,"tweenEasing":0},{"duration":6,"tweenEasing":0,"y":-32.32},{"duration":0,"x":24.09,"y":-9.81}]}],"slot":[{"name":"fx_1","displayFrame":[{"duration":12,"value":-1}]}]},{"duration":12,"playTimes":0,"name":"Run","bone":[{"name":"m_centre","translateFrame":[{"duration":3,"tweenEasing":0,"y":0.48},{"duration":3,"tweenEasing":0,"y":-1.61},{"duration":3,"tweenEasing":0,"y":0.48},{"duration":3,"tweenEasing":0,"y":-1.61},{"duration":0,"y":0.48}]},{"name":"bone_ikTarget","translateFrame":[{"duration":3,"tweenEasing":0,"x":15.28,"y":-27.02},{"duration":3,"tweenEasing":0,"x":-6.22,"y":1},{"duration":3,"tweenEasing":0,"x":-40.51,"y":-1.06},{"duration":3,"tweenEasing":0,"x":-6.22,"y":1},{"duration":0,"x":15.28,"y":-27.02}]},{"name":"bone_ikTarget1","translateFrame":[{"duration":3,"tweenEasing":0},{"duration":3,"tweenEasing":0,"x":20.79,"y":-12.68},{"duration":3,"tweenEasing":0,"x":64.11,"y":-27.71},{"duration":3,"tweenEasing":0,"x":20.79,"y":-12.68},{"duration":0}]},{"name":"spine","translateFrame":[{"duration":3,"tweenEasing":0},{"duration":3,"tweenEasing":0,"y":4.17},{"duration":3,"tweenEasing":0},{"duration":3,"tweenEasing":0,"y":4.17},{"duration":0}]}],"slot":[{"name":"fx_1","displayFrame":[{"duration":12,"value":-1}]}],"ik":[{"name":"bone_ik1","frame":[{"duration":12,"tweenEasing":0,"bendPositive":false},{"duration":0,"bendPositive":false}]}]},{"duration":10,"playTimes":0,"name":"Attack","frame":[{"duration":4},{"duration":0,"events":[{"ints":[7],"name":"checkAttack"}]}],"bone":[{"name":"m_centre","translateFrame":[{"duration":4,"tweenEasing":0,"x":10.09},{"duration":6,"x":-6,"y":2.05}]},{"name":"spine","rotateFrame":[{"duration":4,"tweenEasing":0,"rotate":11},{"duration":6,"rotate":-14}]},{"name":"spine1","rotateFrame":[{"duration":4,"tweenEasing":0,"rotate":-8},{"duration":6,"rotate":1}]},{"name":"head","rotateFrame":[{"duration":4,"tweenEasing":0,"rotate":-6},{"duration":6,"rotate":-14}]},{"name":"upperarm_r","rotateFrame":[{"duration":4,"tweenEasing":0,"rotate":-27.44},{"duration":6,"rotate":19.56}]},{"name":"forearm_r","rotateFrame":[{"duration":4,"tweenEasing":0,"rotate":18},{"duration":6}]},{"name":"upperarm_l","rotateFrame":[{"duration":2,"tweenEasing":0,"rotate":-17},{"duration":2,"tweenEasing":0,"rotate":27.26},{"duration":6,"rotate":53.51}]},{"name":"forearm_l","rotateFrame":[{"duration":2,"tweenEasing":0,"rotate":8},{"duration":2,"tweenEasing":0,"rotate":34.5},{"duration":6,"rotate":39}]},{"name":"arms","translateFrame":[{"duration":2,"tweenEasing":0},{"duration":2,"tweenEasing":0,"x":17.21,"y":20.61},{"duration":6,"x":21.76,"y":20.77}],"rotateFrame":[{"duration":4,"tweenEasing":0},{"duration":6,"rotate":-13}]},{"name":"bone_ikTarget1","translateFrame":[{"duration":10,"x":11.11}]},{"name":"fx_1","scaleFrame":[{"duration":4},{"duration":2,"tweenEasing":0},{"duration":2,"tweenEasing":0,"x":0.5,"y":0.75},{"duration":2,"x":0.01,"y":0.01}]}],"slot":[{"name":"fx_1","displayFrame":[{"duration":3,"value":-1},{"duration":7}],"colorFrame":[{"duration":6},{"duration":4,"tweenEasing":0},{"duration":0,"value":{"aM":0}}]}]}],"defaultActions":[{"gotoAndPlay":"Idle"}]}]}