{"SubTexture":[{"width":42,"y":57,"height":28,"name":"m10/shadow2","x":1},{"width":17,"y":1,"height":34,"name":"m10/upperarm_r","x":93},{"width":15,"y":78,"height":41,"name":"m10/forearm_r","x":83},{"width":80,"y":87,"height":10,"name":"m10/arms","x":1},{"width":15,"y":37,"height":32,"name":"m10/thigh_r","x":93},{"width":12,"y":1,"height":34,"name":"m10/calf_r","x":62},{"width":8,"y":1,"height":75,"name":"m10/spine","x":83},{"width":13,"y":1,"height":33,"name":"m10/thigh_l","x":47},{"width":12,"y":44,"height":30,"name":"m10/calf_l","x":110},{"width":16,"y":78,"height":38,"name":"m10/upperarm_l","x":100},{"width":13,"y":1,"height":41,"name":"m10/forearm_l","x":112},{"width":44,"y":1,"height":54,"name":"m10/head","x":1}],"width":128,"height":128,"name":"monster_10","imagePath":"monster_10_tex.png"}