{"SubTexture":[{"width":39,"y":567,"height":36,"name":"m8/upperarm_r","x":193},{"width":30,"y":485,"height":49,"name":"m8/forearm_r","x":473},{"width":30,"y":287,"height":67,"name":"m8/thigh_r","x":293},{"width":23,"y":356,"height":65,"name":"m8/calf_r","x":301},{"width":24,"y":287,"height":91,"name":"m8/spine","x":267},{"width":32,"y":380,"height":68,"name":"m8/thigh_l","x":267},{"width":24,"y":536,"height":60,"name":"m8/calf_l","x":473},{"width":86,"y":485,"height":102,"name":"m8/head","x":385},{"width":42,"y":567,"height":38,"name":"m8/upperarm_l","x":149},{"width":32,"y":423,"height":47,"name":"m8/forearm_l","x":301},{"width":146,"y":567,"height":46,"name":"m8/shadow2","x":1},{"frameHeight":335,"y":485,"frameX":-241,"width":116,"frameY":-144,"height":163,"name":"m8/fx1_12","frameWidth":418,"x":267},{"frameHeight":335,"y":255,"frameX":-241,"width":150,"frameY":-88,"height":228,"name":"m8/fx1_10","frameWidth":418,"x":337},{"frameHeight":335,"y":1,"frameX":-61,"width":334,"frameY":-32,"height":284,"name":"m8/fx1_5","frameWidth":418,"x":1},{"frameHeight":335,"y":1,"frameX":-225,"width":168,"frameY":-65,"height":252,"name":"m8/fx1_9","frameWidth":418,"x":337},{"frameHeight":335,"y":287,"frameX":-131,"width":264,"frameY":-39,"height":278,"name":"m8/fx1_7","frameWidth":418,"x":1}],"width":507,"height":650,"name":"monster_8","imagePath":"monster_8_tex.png"}