{"width":512,"SubTexture":[{"width":70,"y":399,"height":73,"name":"m1/head","x":260},{"width":27,"y":285,"height":75,"name":"m1/spine","x":176},{"width":40,"y":362,"height":23,"name":"m1/upperarm_r","x":169},{"width":19,"y":399,"height":42,"name":"m1/forearm_r","x":332},{"width":16,"y":443,"height":42,"name":"m1/upperarm_l","x":332},{"width":28,"y":445,"height":33,"name":"m1/forearm_l","x":180},{"width":24,"y":445,"height":38,"name":"m1/thigh_r","x":210},{"width":29,"y":445,"height":40,"name":"m1/calf_r","x":149},{"width":29,"y":358,"height":35,"name":"m1/thigh_l","x":138},{"width":20,"y":445,"height":45,"name":"m1/calf_l","x":236},{"width":173,"y":285,"height":71,"name":"m1/arms","x":1},{"frameWidth":218,"y":1,"frameHeight":282,"width":145,"frameX":-1,"height":238,"name":"m1/fx2","frameY":-44,"x":221},{"frameWidth":218,"y":241,"frameHeight":282,"width":145,"frameX":-1,"height":156,"name":"m1/fx3","frameY":-126,"x":221},{"frameWidth":218,"y":358,"frameHeight":282,"width":135,"frameX":-1,"height":87,"name":"m1/fx4","frameY":-195,"x":1},{"width":218,"y":1,"height":282,"name":"m1/fx1","x":1},{"frameWidth":218,"y":399,"frameHeight":282,"width":120,"frameX":-1,"height":44,"name":"m1/fx5","frameY":-238,"x":138},{"width":146,"y":447,"height":46,"name":"m1/shadow2","x":1}],"height":512,"name":"monster1","imagePath":"monster1_tex.png"}