[
  {
    "__type__": "cc.Prefab",
    "_name": "",
    "_objFlags": 0,
    "_native": "",
    "data": {
      "__id__": 1
    },
    "optimizationPolicy": 0,
    "asyncLoadAssets": false,
    "persistent": false
  },
  {
    "__type__": "cc.Node",
    "_name": "Directional Light",
    "_objFlags": 0,
    "_parent": null,
    "_children": [],
    "_active": true,
    "_level": 1,
    "_components": [
      {
        "__id__": 2
      }
    ],
    "_prefab": {
      "__id__": 4
    },
    "_lpos": {
      "__type__": "cc.Vec3",
      "x": 0,
      "y": 0,
      "z": 0
    },
    "_lrot": {
      "__type__": "cc.Quat",
      "x": 0,
      "y": 0,
      "z": 0,
      "w": 1
    },
    "_lscale": {
      "__type__": "cc.Vec3",
      "x": 1,
      "y": 1,
      "z": 1
    },
    "_layer": 1073741824,
    "_euler": {
      "__type__": "cc.Vec3",
      "x": 0,
      "y": 0,
      "z": 0
    },
    "_id": ""
  },
  {
    "__type__": "cc.DirectionalLight",
    "_name": "",
    "_objFlags": 0,
    "node": {
      "__id__": 1
    },
    "_enabled": true,
    "_color": {
      "__type__": "cc.Color",
      "r": 255,
      "g": 255,
      "b": 255,
      "a": 255
    },
    "_useColorTemperature": false,
    "_colorTemperature": 6550,
    "_intensity": 65000,
    "_id": "",
    "__prefab": {
      "__id__": 3
    }
  },
  {
    "__type__": "cc.CompPrefabInfo",
    "fileId": "1fmNgOipdOha90C8NNkXEN"
  },
  {
    "__type__": "cc.PrefabInfo",
    "root": {
      "__id__": 1
    },
    "asset": {
      "__id__": 0
    },
    "fileId": "aeyMch0nJBEbV/mk9CXYkW"
  }
]