{
  "29c0aff6-8a49-4ef7-acee-a44aef0b9395": {
    "url": "db://assets/Scenes/scene.scene",
    "value": {}
  },
  "35b7fa72-24ed-40ed-a48b-02a09c58f6f6": {
    "url": "db://assets/animation.anim",
    "value": {}
  },
  "ad7847c4-f0f7-4080-aaa3-bad2fbe8038d": {
    "url": "db://assets/player_knife_Effect1_ske.json",
    "value": {}
  },
  "49820c85-d0af-4103-a741-ea113aa34cc9": {
    "url": "db://assets/player_knife_Effect1_tex.json",
    "value": {}
  },
  "b5dfc0c3-4300-401e-978b-18bc6d2dffe2": {
    "url": "db://assets/player_knife_ske.json",
    "value": {}
  },
  "4c558fde-8d9e-474d-a9da-ef5d43f229a1": {
    "url": "db://assets/player_knife_tex.json",
    "value": {}
  },
  "5870287c-9890-44da-ae26-9210994ac86d": {
    "url": "db://assets/player_knife_Effect1_tex.png",
    "value": {}
  },
  "13d85bf2-72a3-4a0d-a6aa-90a7b47caadf": {
    "url": "db://assets/player_knife_tex.png",
    "value": {}
  },
  "206d0d34-13f2-4bfa-ba62-73223b687aec": {
    "url": "db://assets/Test.ts",
    "value": {}
  },
  "6f8141c9-9184-4d89-8782-aff14ed3b7b1": {
    "url": "db://assets/animation.anim",
    "value": {}
  },
  "53883127-cc66-48bc-b341-e190ea73c95f": {
    "url": "db://assets/yuanse_00000.png",
    "value": {}
  },
  "d6b3db90-9111-450d-88a5-81218a6706f8": {
    "url": "db://assets/yuanse_00001.png",
    "value": {}
  },
  "f6528b2e-6240-4ec4-8186-241881047d29": {
    "url": "db://assets/yuanse_00002.png",
    "value": {}
  },
  "65b3b025-2a8b-4658-8b33-bb48ff727c51": {
    "url": "db://assets/yuanse_00003.png",
    "value": {}
  },
  "a5a71b0e-07ec-4ed2-9720-3b417f886c27": {
    "url": "db://assets/yuanse_00004.png",
    "value": {}
  },
  "d825587b-351f-481c-80db-9290b6d395fb": {
    "url": "db://assets/yuanse_00005.png",
    "value": {}
  },
  "f183cb6e-5a1f-45c2-b828-0d2aea0f0332": {
    "url": "db://assets/yuanse_00006.png",
    "value": {}
  },
  "bc13acda-57f5-4ca5-a47a-c2e657aba33b": {
    "url": "db://assets/yuanse_00008.png",
    "value": {}
  },
  "665d0139-f2e2-4513-8602-152b51e12bc9": {
    "url": "db://assets/yuanse_00007.png",
    "value": {}
  },
  "52dc6bc3-e468-4ffb-9a0c-55691b78b003": {
    "url": "db://assets/yuanse_00009.png",
    "value": {}
  },
  "ba9314d7-26b0-473b-85a2-d153330f66d6": {
    "url": "db://assets/yuanse_00012.png",
    "value": {}
  },
  "621d4e94-1077-4a29-9f75-c48fcfb0e49c": {
    "url": "db://assets/yuanse_00011.png",
    "value": {}
  },
  "f5bcb9b9-1103-4eac-94d4-7844662c9251": {
    "url": "db://assets/yuanse_00013.png",
    "value": {}
  },
  "364a3d60-0151-48e6-9223-d8d80ba10fc8": {
    "url": "db://assets/yuanse_00014.png",
    "value": {}
  },
  "0c9041e0-188d-4d50-bb3c-d9c0dc9c821f": {
    "url": "db://assets/yuanse_00010.png",
    "value": {}
  },
  "0eb19e7f-d6bd-4566-ad9d-9c27ebab8113": {
    "url": "db://assets/animation-001.anim",
    "value": {}
  },
  "97d1496f-05ea-4257-92dd-0d5d06f1739d": {
    "url": "db://assets/animation-002.anim",
    "value": {}
  },
  "a3daeeb7-d40e-4899-a0b1-67450475575a": {
    "url": "db://assets/animation-003.anim",
    "value": {}
  },
  "7b3d3985-c137-4262-9029-fa174a5c6475": {
    "url": "db://assets/animation-004.anim",
    "value": {}
  },
  "c9130078-0f18-482a-b43d-5809b3d0939c": {
    "url": "db://assets/Res",
    "value": {}
  },
  "c7559739-76cf-413f-9da9-0b487ca98205": {
    "url": "db://assets/Scenes",
    "value": {}
  },
  "a1f55e27-dc3c-4f64-b01c-e0c8dbec6e21": {
    "url": "db://assets/resources",
    "value": {}
  },
  "8d8ff18b-090b-401b-9c58-0b96f4c95c66": {
    "url": "db://assets/Scripts",
    "value": {}
  },
  "5ca2738b-038b-4d0c-bce8-414904986d92": {
    "url": "db://assets/Res/Ani",
    "value": {}
  },
  "89b1b737-e45c-481e-90ec-0c41b448fbf5": {
    "url": "db://assets/Res/Texture",
    "value": {}
  },
  "50ef5eba-91a0-4813-8515-580ab2ffcef7": {
    "url": "db://assets/Res/DragonBones",
    "value": {}
  },
  "68ffa6e8-7caf-402c-8042-147aa88af101": {
    "url": "db://assets/resources/Prefabs",
    "value": {}
  },
  "ccf65c5b-582e-44d9-a415-601365a9db7f": {
    "url": "db://assets/Res/Ani/animation.anim",
    "value": {}
  },
  "ecc3fda8-5baf-471f-8900-3cefe5a243de": {
    "url": "db://assets/Res/Ani/animation1.anim",
    "value": {}
  },
  "d6c262ca-4825-489b-a530-4686995d6942": {
    "url": "db://assets/Res/Texture/hero",
    "value": {}
  },
  "a4d0aae6-9de3-4fa0-8ec4-7c4ee04dd47b": {
    "url": "db://assets/resources/Texture",
    "value": {}
  },
  "d394762d-f0fd-4520-b021-16c23e53a545": {
    "url": "db://assets/Res/Texture/Player",
    "value": {}
  },
  "0c6e553e-1b1d-4c90-bcff-d4048321d963": {
    "url": "db://assets/resources/Texture/Player/_calf_l.png",
    "value": {}
  },
  "816a4f3b-0cdf-4fdd-8439-b1f853b106cf": {
    "url": "db://assets/resources/Texture/Player/_calf_r.png",
    "value": {}
  },
  "2db6c8aa-c9c7-45bb-a5f1-56b32a34dbfe": {
    "url": "db://assets/resources/Texture/Player/_cankao.png",
    "value": {}
  },
  "5e7b1c7a-b398-445b-897b-7b9852de6291": {
    "url": "db://assets/resources/Texture/Player/_forearm_l.png",
    "value": {}
  },
  "3c2b77cf-fdeb-4349-b2a9-0a60f14145c4": {
    "url": "db://assets/resources/Texture/Player/_forearm_r.png",
    "value": {}
  },
  "e968dac6-7e08-4ab4-833f-598fe1d143d2": {
    "url": "db://assets/resources/Texture/Player/_head.png",
    "value": {}
  },
  "871df5f5-aff3-4133-8882-b77ff373b2d9": {
    "url": "db://assets/resources/Texture/Player/_head1.png",
    "value": {}
  },
  "f250e275-d1be-4d35-878a-28bcf5f21452": {
    "url": "db://assets/resources/Texture/Player/_head2.png",
    "value": {}
  },
  "fd20b77d-4a3f-4d50-8f33-e43298635267": {
    "url": "db://assets/resources/Texture/Player/_spine.png",
    "value": {}
  },
  "d044e561-eddd-4155-8348-ee551f18323d": {
    "url": "db://assets/resources/Texture/Player/_thigh_l.png",
    "value": {}
  },
  "713c81a3-ef19-4dbc-8cff-fdb90f1ad24d": {
    "url": "db://assets/resources/Texture/Player/_thigh_r.png",
    "value": {}
  },
  "13b2482e-c7eb-4268-b2d8-7a4698c296f2": {
    "url": "db://assets/resources/Texture/Player/_upperarm_l.png",
    "value": {}
  },
  "e413946a-95a8-4745-b7ae-b39b531a6bfd": {
    "url": "db://assets/resources/Texture/Player/_upperarm_r.png",
    "value": {}
  },
  "e8a6ede2-c612-413b-a089-68846ee733cf": {
    "url": "db://assets/Res/Texture/Player/p_calf_l.png",
    "value": {}
  },
  "19eb644d-e754-450f-bc26-a1c8fd68534e": {
    "url": "db://assets/Res/Texture/Player/p_calf_r.png",
    "value": {}
  },
  "089f4c1a-2e0d-4605-9d96-1ddac5ca6751": {
    "url": "db://assets/Res/Texture/Player/p_cankao.png",
    "value": {}
  },
  "709eac28-f645-4b20-b623-e4f95b949eaa": {
    "url": "db://assets/Res/Texture/Player/p_forearm_l.png",
    "value": {}
  },
  "44cbd13d-8276-4ff9-8f7f-b62ecf97b01d": {
    "url": "db://assets/Res/Texture/Player/p_forearm_r.png",
    "value": {}
  },
  "d67f5e3e-623d-4266-8bbb-653b0fae7a08": {
    "url": "db://assets/resources/Texture/Player/p_head.png",
    "value": {}
  },
  "cce6d9ee-5aff-4571-b879-e34fcfe2b234": {
    "url": "db://assets/Res/Texture/Player/p_head1.png",
    "value": {}
  },
  "5c1c4cd6-f9ef-4671-afa2-baff8178592e": {
    "url": "db://assets/Res/Texture/Player/p_head2.png",
    "value": {}
  },
  "7686fd47-bf4a-4a79-a976-d047e1285313": {
    "url": "db://assets/Res/Texture/Player/p_spine.png",
    "value": {}
  },
  "de6a2142-e2c2-4ca0-9dba-120e96ccad37": {
    "url": "db://assets/Res/Texture/Player/p_thigh_l.png",
    "value": {}
  },
  "b2ef901d-e265-4732-85d8-7b29d9bca11e": {
    "url": "db://assets/Res/Texture/Player/p_thigh_r.png",
    "value": {}
  },
  "17c2024d-adc9-4a84-9f14-0bfc3ef015ba": {
    "url": "db://assets/Res/Texture/Player/p_upperarm_l.png",
    "value": {}
  },
  "2c8d2da7-d847-4e79-8bdd-cf81dfc81eee": {
    "url": "db://assets/Res/Texture/Player/p_upperarm_r.png",
    "value": {}
  },
  "6761f9f2-be82-45ca-9701-b24b6ac9e769": {
    "url": "db://assets/Res/Texture/Player/p_head3.png",
    "value": {}
  },
  "7dc71598-4fac-4e22-b7c1-a205596ed480": {
    "url": "db://assets/Res/Texture/Player/knife1_1.png",
    "value": {}
  },
  "3da33da5-f63d-432d-8330-881384ff60c9": {
    "url": "db://assets/Res/Texture/AttackEffect",
    "value": {}
  },
  "8ecb956a-ec67-41c9-8e5d-9152392b6dbc": {
    "url": "db://assets/Res/Texture/FlashEffect",
    "value": {}
  },
  "f54c4ec7-aec2-4d9a-8db6-9e122c1a226a": {
    "url": "db://assets/Res/Texture/AttackEffect/fx1_1.png",
    "value": {}
  },
  "dfb89cbb-7548-4287-ad4c-73e4ed97a56d": {
    "url": "db://assets/Res/Texture/AttackEffect/fx1_10.png",
    "value": {}
  },
  "4fdc2ec1-76a7-47d8-969d-4cede7917c3e": {
    "url": "db://assets/Res/Texture/AttackEffect/fx1_11.png",
    "value": {}
  },
  "1f2f2c4c-a6ac-4871-8294-cfb37c5bead7": {
    "url": "db://assets/Res/Texture/AttackEffect/fx1_12.png",
    "value": {}
  },
  "d51f1c9f-511b-4073-9595-23f10419047d": {
    "url": "db://assets/Res/Texture/AttackEffect/fx1_2.png",
    "value": {}
  },
  "5885cc81-45df-4162-ab01-dd80927ae1f0": {
    "url": "db://assets/Res/Texture/AttackEffect/fx1_3.png",
    "value": {}
  },
  "c7ffdcfe-3148-4f4a-81a3-c16882b85601": {
    "url": "db://assets/Res/Texture/AttackEffect/fx1_4.png",
    "value": {}
  },
  "3c6aa6ff-0366-40af-8088-b91fbada0dd8": {
    "url": "db://assets/Res/Texture/AttackEffect/fx1_5.png",
    "value": {}
  },
  "4e47f356-393e-4b5a-af0a-8a8de5c48770": {
    "url": "db://assets/Res/Texture/AttackEffect/fx1_6.png",
    "value": {}
  },
  "4d12cc70-33c7-4213-839b-1c992838d2c7": {
    "url": "db://assets/Res/Texture/AttackEffect/fx1_7.png",
    "value": {}
  },
  "9eb379d8-d0e3-4592-a3dd-272dd28c9ef7": {
    "url": "db://assets/Res/Texture/AttackEffect/fx1_8.png",
    "value": {}
  },
  "881ee62e-aaec-4e60-b672-5311734b6143": {
    "url": "db://assets/Res/Texture/AttackEffect/fx1_9.png",
    "value": {}
  },
  "5c1e8538-787d-4b34-9c1c-0864b4208904": {
    "url": "db://assets/Res/Texture/AttackEffect/fx2_1.png",
    "value": {}
  },
  "678958b5-a6bf-4c22-a5aa-654e5df6084a": {
    "url": "db://assets/Res/Texture/AttackEffect/fx2_10.png",
    "value": {}
  },
  "d6160563-645a-49c7-9bc6-8f4617e21a18": {
    "url": "db://assets/Res/Texture/AttackEffect/fx2_11.png",
    "value": {}
  },
  "dcb0d24f-25aa-45e4-bb33-fe0f29fe1415": {
    "url": "db://assets/Res/Texture/AttackEffect/fx2_12.png",
    "value": {}
  },
  "83ee23a2-8974-46c9-aa25-d777ed1181ca": {
    "url": "db://assets/Res/Texture/AttackEffect/fx2_2.png",
    "value": {}
  },
  "19afacff-8063-43a4-b02b-75ca2abd4841": {
    "url": "db://assets/Res/Texture/AttackEffect/fx2_3.png",
    "value": {}
  },
  "cd2cce23-d4ae-4b58-a5f9-fb92f707e60f": {
    "url": "db://assets/Res/Texture/AttackEffect/fx2_4.png",
    "value": {}
  },
  "500d32f5-2708-4c89-98a3-f4465b917589": {
    "url": "db://assets/Res/Texture/AttackEffect/fx2_5.png",
    "value": {}
  },
  "dc2dedb5-bcd4-4ba9-b5cf-7a48311eb3f6": {
    "url": "db://assets/Res/Texture/AttackEffect/fx2_6.png",
    "value": {}
  },
  "86f3d579-f831-43bd-b5c3-f10e274ebcf4": {
    "url": "db://assets/Res/Texture/AttackEffect/fx2_7.png",
    "value": {}
  },
  "d9c606ab-9457-45ef-bdb8-6f1488e07256": {
    "url": "db://assets/Res/Texture/AttackEffect/fx2_8.png",
    "value": {}
  },
  "f162d81c-49f0-4ab9-9938-ca4b21ef92a6": {
    "url": "db://assets/Res/Texture/AttackEffect/fx2_9.png",
    "value": {}
  },
  "1aad1ab5-63e0-4dfa-8b18-668faaafdac3": {
    "url": "db://assets/Res/Texture/FlashEffect/fx3_1.png",
    "value": {}
  },
  "1c166cea-552c-404f-939f-644970e65c05": {
    "url": "db://assets/Res/Texture/FlashEffect/fx3_2.png",
    "value": {}
  },
  "ee864a11-7588-4fb2-9892-67328838cf81": {
    "url": "db://assets/Res/Texture/FlashEffect/fx3_3.png",
    "value": {}
  },
  "3d8062f3-1c2c-420a-8622-cedf6f7f060a": {
    "url": "db://assets/Res/Texture/FlashEffect/fx3_4.png",
    "value": {}
  },
  "f8996098-a04c-4dd1-83dd-aaad385c94b7": {
    "url": "db://assets/Res/Ani/Idle1.anim",
    "value": {}
  },
  "b68089c9-877c-4a65-ad88-6b4ac261af19": {
    "url": "db://assets/Res/Texture/Player/shadow1.png",
    "value": {}
  },
  "74527e9f-d3cd-4635-a41c-a09aff40f0e5": {
    "url": "db://assets/Res/Ani/Run.anim",
    "value": {}
  },
  "d4cd0f1e-d670-4b1a-ae8e-6f9005bada44": {
    "url": "db://assets/Res/Ani/Hurt.anim",
    "value": {}
  },
  "8afb9db0-597e-4eb9-923f-b926e2dffe2f": {
    "url": "db://assets/Res/Ani/Died.anim",
    "value": {}
  },
  "fe27a3bc-f9df-4b47-8348-a1cae6462b14": {
    "url": "db://assets/Res/Ani/Attack1_1.anim",
    "value": {}
  },
  "eec67451-c6c6-4231-b15d-46af0dfca884": {
    "url": "db://assets/Res/Texture/cj15.jpg",
    "value": {}
  },
  "5f7d70a6-627a-4a5d-9e8f-eb3541c56071": {
    "url": "db://assets/Res/Ani/Attack1_2.anim",
    "value": {}
  },
  "9be55a47-c3cd-4828-acaa-d27321662822": {
    "url": "db://assets/Res/Ani/Attack1_3.anim",
    "value": {}
  },
  "15ece6c1-21a1-4c94-b627-a79e6024b78e": {
    "url": "db://assets/Res/Ani/Flash.anim",
    "value": {}
  },
  "ba726656-07f9-454e-bcd5-b29088c6a153": {
    "url": "db://assets/Res/Ani/Skills/Skill1_1.anim",
    "value": {}
  },
  "a6aeeca3-294e-4ef5-b49b-d423c4eab688": {
    "url": "db://assets/Res/Ani/Skills/Skill1_2.anim",
    "value": {}
  },
  "8cac8f46-0a31-499d-9602-af9a3672ef08": {
    "url": "db://assets/Res/Texture/HurtEffect",
    "value": {}
  },
  "b5acedad-668d-491c-bcd9-d436a18c0f7f": {
    "url": "db://assets/Res/Texture/HurtEffect/H_fx1.png",
    "value": {}
  },
  "8f9aae56-40ea-4be2-964f-4b669afed2b6": {
    "url": "db://assets/Res/Texture/HurtEffect/H_fx2.png",
    "value": {}
  },
  "8c55cc27-c4d9-4a4e-8b61-90944bca925d": {
    "url": "db://assets/Res/Texture/HurtEffect/H_fx3.png",
    "value": {}
  },
  "761997cb-340a-4d4a-b0f3-f537b7d4658a": {
    "url": "db://assets/Res/Texture/HurtEffect/H_fx4.png",
    "value": {}
  },
  "263bd990-edbb-4245-90ff-ae08b8320dda": {
    "url": "db://assets/Res/Texture/HurtEffect/H_fx5.png",
    "value": {}
  },
  "1e9f590d-043a-4027-b31a-23b3eab3fbb5": {
    "url": "db://assets/Res/Texture/HurtEffect/H_fx6.png",
    "value": {}
  },
  "9a9628bd-32e2-4545-905b-ed240763e30e": {
    "url": "db://assets/Res/Texture/HurtEffect/H_fx7.png",
    "value": {}
  },
  "578a8c79-55b6-43f2-8ba8-5531213138d5": {
    "url": "db://assets/Res/Texture/HurtEffect/H_fx8.png",
    "value": {}
  },
  "bbb6e435-e044-44e2-acb5-1f82fd630c30": {
    "url": "db://assets/Res/Texture/HurtEffect/H_fx9.png",
    "value": {}
  },
  "d09955c8-a908-4678-a858-4630523ab05d": {
    "url": "db://assets/Res/Texture/SkillEffect",
    "value": {}
  },
  "b7b5e88b-cf0e-489f-9aea-c4fa94a5cbb6": {
    "url": "db://assets/Res/Texture/SkillEffect/s1_fx1.png",
    "value": {}
  },
  "1a6676c4-635f-49ad-8023-7cf8c80df826": {
    "url": "db://assets/Res/Texture/SkillEffect/s1_fx10.png",
    "value": {}
  },
  "fff6b9bd-b562-42a9-a2a0-42855b5637f2": {
    "url": "db://assets/Res/Texture/SkillEffect/s1_fx2.png",
    "value": {}
  },
  "b3f42ed9-64f2-4459-b970-29275c05aec1": {
    "url": "db://assets/Res/Texture/SkillEffect/s1_fx3.png",
    "value": {}
  },
  "eb405f39-0571-446a-8154-b8c0d3a38782": {
    "url": "db://assets/Res/Texture/SkillEffect/s1_fx4.png",
    "value": {}
  },
  "9bf2d584-1e93-487c-b210-f8ef6f3ad307": {
    "url": "db://assets/Res/Texture/SkillEffect/s1_fx5.png",
    "value": {}
  },
  "fd8ff7eb-74cf-44cd-abfd-343efdb7e44e": {
    "url": "db://assets/Res/Texture/SkillEffect/s1_fx6.png",
    "value": {}
  },
  "3c182647-3974-4b68-90aa-770b0e4b3dd2": {
    "url": "db://assets/Res/Texture/SkillEffect/s1_fx7.png",
    "value": {}
  },
  "3ffec052-092a-49c7-a607-27ad222a8f08": {
    "url": "db://assets/Res/Texture/SkillEffect/s1_fx8.png",
    "value": {}
  },
  "60ccf844-09ba-403a-895e-6a69d88e9616": {
    "url": "db://assets/Res/Texture/SkillEffect/s1_fx9.png",
    "value": {}
  },
  "78acc13c-6890-4366-b771-2721b2ecd8d0": {
    "url": "db://assets/Res/Ani/AwakeEffect.anim",
    "value": {}
  },
  "e1e37917-357d-41b8-b655-0738c43349db": {
    "url": "db://assets/Res/Texture/AwakeEffect",
    "value": {}
  },
  "35374bc3-64d2-4832-8861-a41bd2629ece": {
    "url": "db://assets/Res/Texture/AwakeEffect/jx_00010.png",
    "value": {}
  },
  "0af9f9fa-11b3-47d1-a957-18bf07a92942": {
    "url": "db://assets/Res/Texture/AwakeEffect/jx_00011.png",
    "value": {}
  },
  "3564c0d4-7ae1-4daa-af8b-c545ae0cf482": {
    "url": "db://assets/Res/Texture/AwakeEffect/jx_00012.png",
    "value": {}
  },
  "d8b6b80b-e761-401c-aa95-a09ff0773d40": {
    "url": "db://assets/Res/Texture/AwakeEffect/jx_00013.png",
    "value": {}
  },
  "af9a00ba-dc87-40cd-8a5b-9fd8f1912f3a": {
    "url": "db://assets/Res/Texture/AwakeEffect/jx_00014.png",
    "value": {}
  },
  "3ca3633a-f4ba-4a53-90ae-8753fb0de0ed": {
    "url": "db://assets/Res/Texture/AwakeEffect/jx_00015.png",
    "value": {}
  },
  "cd64ce2f-69b8-4a32-9c1c-002269f15f85": {
    "url": "db://assets/Res/Texture/AwakeEffect/jx_00016.png",
    "value": {}
  },
  "dc05ce00-07ca-4593-8ef1-1547998c65b1": {
    "url": "db://assets/Res/Texture/AwakeEffect/jx_00017.png",
    "value": {}
  },
  "bd6aa327-2fc8-4c6c-b4b1-acd385efcba3": {
    "url": "db://assets/Res/Texture/AwakeEffect/jx_00018.png",
    "value": {}
  },
  "9d7fa1c4-cff1-48de-96b3-538e012e2ef2": {
    "url": "db://assets/Res/Texture/AwakeEffect/jx_00019.png",
    "value": {}
  },
  "1143bb56-198d-44d0-8c03-ced36404a18e": {
    "url": "db://assets/Res/Texture/AwakeEffect/A_FX1.png",
    "value": {}
  },
  "af19f78b-f7fa-425e-a1f7-b863f302fd17": {
    "url": "db://assets/Res/Texture/AwakeEffect/A_FX10.png",
    "value": {}
  },
  "13403eda-2f79-4871-a5f1-458ac9a42ae8": {
    "url": "db://assets/Res/Texture/AwakeEffect/A_FX11.png",
    "value": {}
  },
  "50d46f73-4b92-4e79-bc52-80d56577ea6f": {
    "url": "db://assets/Res/Texture/AwakeEffect/A_FX12.png",
    "value": {}
  },
  "5b757f69-ab5f-49d8-8629-571157eae9c9": {
    "url": "db://assets/Res/Texture/AwakeEffect/A_FX13.png",
    "value": {}
  },
  "3a5eca6b-f450-4e5b-9c1c-d924edcb31a5": {
    "url": "db://assets/Res/Texture/AwakeEffect/A_FX14.png",
    "value": {}
  },
  "e5fc7f1e-343c-497f-9b96-0f223a35f723": {
    "url": "db://assets/Res/Texture/AwakeEffect/A_FX15.png",
    "value": {}
  },
  "4cacfeab-661b-44df-ba2d-9f87607ce342": {
    "url": "db://assets/Res/Texture/AwakeEffect/A_FX16.png",
    "value": {}
  },
  "4e7e9109-0cf0-4f7d-abd9-d257b138427f": {
    "url": "db://assets/Res/Texture/AwakeEffect/A_FX17.png",
    "value": {}
  },
  "c078af84-19f7-427c-b1ff-bcd74a080b04": {
    "url": "db://assets/Res/Texture/AwakeEffect/A_FX18.png",
    "value": {}
  },
  "36a58c9d-aa9d-49f8-90ce-645bc47a2334": {
    "url": "db://assets/Res/Texture/AwakeEffect/A_FX19.png",
    "value": {}
  },
  "cb32cd28-ee3c-4a9d-a83b-33234049fbb4": {
    "url": "db://assets/Res/Texture/AwakeEffect/A_FX2.png",
    "value": {}
  },
  "bb2d9ef6-b790-4f2c-84e6-98cc5edb87a7": {
    "url": "db://assets/Res/Texture/AwakeEffect/A_FX20.png",
    "value": {}
  },
  "d4811358-76a4-4aa6-b727-5298887aff9b": {
    "url": "db://assets/Res/Texture/AwakeEffect/A_FX21.png",
    "value": {}
  },
  "9198a481-1493-4914-9849-b93e51e6aa77": {
    "url": "db://assets/Res/Texture/AwakeEffect/A_FX22.png",
    "value": {}
  },
  "89e1fbfa-cac5-4dad-9982-79970d79f1b4": {
    "url": "db://assets/Res/Texture/AwakeEffect/A_FX23.png",
    "value": {}
  },
  "4856a9c2-21ae-450f-98d2-16d42bef148d": {
    "url": "db://assets/Res/Texture/AwakeEffect/A_FX24.png",
    "value": {}
  },
  "2f8379b7-d2ed-46e6-88ad-a83818533533": {
    "url": "db://assets/Res/Texture/AwakeEffect/A_FX3.png",
    "value": {}
  },
  "c4177c50-df9e-4529-b014-a4940525f354": {
    "url": "db://assets/Res/Texture/AwakeEffect/A_FX4.png",
    "value": {}
  },
  "7fca6c14-10c7-4053-9568-c4787b3ca500": {
    "url": "db://assets/Res/Texture/AwakeEffect/A_FX5.png",
    "value": {}
  },
  "4a85d6d2-7726-46b0-a139-0135ca05857b": {
    "url": "db://assets/Res/Texture/AwakeEffect/A_FX6.png",
    "value": {}
  },
  "6e628f39-3cd4-4d5f-886e-72b5b5f7bd15": {
    "url": "db://assets/Res/Texture/AwakeEffect/A_FX7.png",
    "value": {}
  },
  "a7759a63-a280-48c6-b071-59f4c8ca20fb": {
    "url": "db://assets/Res/Texture/AwakeEffect/A_FX8.png",
    "value": {}
  },
  "27dc21ed-7215-41a4-81b9-091179ab8c15": {
    "url": "db://assets/Res/Texture/AwakeEffect/A_FX9.png",
    "value": {}
  },
  "158fe68c-40ef-4f8f-b1de-44a9a2463765": {
    "url": "db://assets/Res/Ani/AwakeEffect1.anim",
    "value": {}
  },
  "6675332b-7a64-41a4-88db-1e15017d7864": {
    "url": "db://assets/Awake.anim",
    "value": {}
  },
  "ad4e7530-274f-49d3-b310-99f06d496efe": {
    "url": "db://assets/Res/Ani/AwakeEffect2.anim",
    "value": {}
  },
  "7b3ce53c-2184-4b37-95ae-3ae767743ccd": {
    "url": "db://assets/Res/Texture/AwakeEffect/A1_fx1.png",
    "value": {}
  },
  "cebf39f1-8549-46a5-b7a3-c1b70e8e4eb3": {
    "url": "db://assets/Res/Texture/AwakeEffect/A1_fx10.png",
    "value": {}
  },
  "54b34646-a2d1-4f66-addf-000699c4630f": {
    "url": "db://assets/Res/Texture/AwakeEffect/A1_fx2.png",
    "value": {}
  },
  "90f74974-1a45-4723-97d5-108c2e543ac8": {
    "url": "db://assets/Res/Texture/AwakeEffect/A1_fx3.png",
    "value": {}
  },
  "416c2497-5af4-4905-941d-5ae2fa0184c0": {
    "url": "db://assets/Res/Texture/AwakeEffect/A1_fx4.png",
    "value": {}
  },
  "f8474be2-1ec9-48ff-9889-2ce03d1c4d25": {
    "url": "db://assets/Res/Texture/AwakeEffect/A1_fx5.png",
    "value": {}
  },
  "5f95d18f-61b6-46b5-aa69-59ea8436f3ee": {
    "url": "db://assets/Res/Texture/AwakeEffect/A1_fx6.png",
    "value": {}
  },
  "07394083-107d-4fdb-a175-ab60bbe414fb": {
    "url": "db://assets/Res/Texture/AwakeEffect/A1_fx7.png",
    "value": {}
  },
  "399982e3-9eb6-4cec-91d5-f70348be2be0": {
    "url": "db://assets/Res/Texture/AwakeEffect/A1_fx8.png",
    "value": {}
  },
  "f68dc185-9f2f-4975-90e0-05e4755cde85": {
    "url": "db://assets/Res/Texture/AwakeEffect/A1_fx9.png",
    "value": {}
  },
  "1d07cba4-26fe-46f7-bcdf-659034c0d12b": {
    "url": "db://assets/resources/Prefabs/Effect",
    "value": {}
  },
  "7b57d34e-657a-418b-b871-758e39dcc5f3": {
    "url": "db://assets/resources/Prefabs/Effect/AwakeEffect1.prefab",
    "value": {}
  },
  "1d91e1d6-76d7-4907-aae0-fa59eca1d4de": {
    "url": "db://assets/resources/Prefabs/Effect/AwakeEffect2.prefab",
    "value": {}
  },
  "c950d835-c149-4eb2-9f0c-a65a098b3200": {
    "url": "db://assets/Res/Texture/ElseEffect",
    "value": {}
  },
  "49f1a9c1-d0e3-46a3-bac3-47cd67159856": {
    "url": "db://assets/Res/Texture/MonsterEffect/m_hfx1.png",
    "value": {}
  },
  "4b1917d3-0704-4f69-bc7f-e4717f4204cc": {
    "url": "db://assets/Res/Texture/MonsterEffect/huobao(1).png",
    "value": {}
  },
  "fb3556c5-0497-4d68-914b-37e4860f1ee9": {
    "url": "db://assets/Res/Texture/MonsterEffect/huobao(2).png",
    "value": {}
  },
  "ef3622df-a3a0-4e0d-a9a2-66463f66b651": {
    "url": "db://assets/Res/Texture/MonsterEffect/huobao(3).png",
    "value": {}
  },
  "677243ab-26d0-4779-b839-4d93878566f0": {
    "url": "db://assets/Res/Texture/MonsterEffect/huobao(4).png",
    "value": {}
  },
  "fac048a9-0421-434e-8caf-b1de5ce7e993": {
    "url": "db://assets/Res/Texture/MonsterEffect/huobao(5).png",
    "value": {}
  },
  "d4c80b51-06d5-4f43-9789-d849d1500d2e": {
    "url": "db://assets/Res/Texture/MonsterEffect/huobao(6).png",
    "value": {}
  },
  "0e79b5d2-2a9d-4bdc-90c3-1bbaa98fc76d": {
    "url": "db://assets/Res/Texture/MonsterEffect/huobao(7).png",
    "value": {}
  },
  "20c225a5-3c31-4e81-b77c-6b795f5c9eaa": {
    "url": "db://assets/Res/Texture/MonsterEffect/huobao(8).png",
    "value": {}
  },
  "cb6638e3-bc53-44f9-9fb9-7c8723461bc6": {
    "url": "db://assets/Res/Texture/MonsterEffect",
    "value": {}
  },
  "4fa5a01c-1df7-40ea-a9f6-da03f8167a73": {
    "url": "db://assets/Res/Texture/MonsterEffect/m_h1_fx1.png",
    "value": {}
  },
  "d03d0f13-2651-4dd0-8c3d-d8ebaa8fa08d": {
    "url": "db://assets/Res/Texture/MonsterEffect/m_h2_fx1.png",
    "value": {}
  },
  "e68fe569-748b-4b9b-acd1-97c7f3a71017": {
    "url": "db://assets/Res/Texture/MonsterEffect/m_h2_fx2.png",
    "value": {}
  },
  "8a2c4356-8847-408e-a64b-1fa2f2e7d08f": {
    "url": "db://assets/Res/Texture/MonsterEffect/m_h2_fx3.png",
    "value": {}
  },
  "13078d8b-0492-4f28-9c66-09a9c71e6852": {
    "url": "db://assets/Res/Texture/MonsterEffect/m_h2_fx4.png",
    "value": {}
  },
  "7e6009c1-e1e0-4dc0-8083-4bee6cd14fb7": {
    "url": "db://assets/Res/Texture/MonsterEffect/m_h2_fx5.png",
    "value": {}
  },
  "8cf084bc-69df-419f-b77c-1275221d05af": {
    "url": "db://assets/Res/Texture/MonsterEffect/m_h2_fx6.png",
    "value": {}
  },
  "251b2f24-128d-4e11-89cd-e031d0029e5b": {
    "url": "db://assets/Res/Texture/MonsterEffect/m_h2_fx7.png",
    "value": {}
  },
  "d5a9da5f-2308-46ed-8ad2-29afa78dce7b": {
    "url": "db://assets/Res/Texture/MonsterEffect/m_h2_fx8.png",
    "value": {}
  },
  "005d4941-b3c8-48fb-9fea-a06d18be8025": {
    "url": "db://assets/Res/Ani/M_HurtEffect2.anim",
    "value": {}
  },
  "a5f9f4f4-020a-4692-80a1-d062b5cfc728": {
    "url": "db://assets/resources/Prefabs/Effect/M_HurtEffect2.prefab",
    "value": {}
  },
  "95b49ce1-d281-4605-9c02-abb452986fca": {
    "url": "db://assets/resources/Prefabs/Effect/M_HurtEffect1.prefab",
    "value": {}
  },
  "08f75fed-8787-408a-9fee-2fb4350f38a0": {
    "url": "db://assets/Res/Texture/MonsterEffect/m_h3_fx1.png",
    "value": {}
  },
  "1279242c-5cbd-4a4d-a321-9c840f1e89d9": {
    "url": "db://assets/Res/Texture/MonsterEffect/m_h3_fx2.png",
    "value": {}
  },
  "d21d176d-2b25-4caa-aed4-ace48affa034": {
    "url": "db://assets/Res/Texture/MonsterEffect/m_h3_fx3.png",
    "value": {}
  },
  "a8f44c58-a432-4161-ae8e-32038b5c3e59": {
    "url": "db://assets/Res/Texture/MonsterEffect/m_h3_fx4.png",
    "value": {}
  },
  "6af46cbf-ed04-467d-ae6c-6dcf9872fde0": {
    "url": "db://assets/Res/Texture/MonsterEffect/m_h3_fx5.png",
    "value": {}
  },
  "9dfdfd67-d3a7-4d21-910e-a6c436ddfd5e": {
    "url": "db://assets/Res/Texture/MonsterEffect/m_h3_fx6.png",
    "value": {}
  },
  "d6e8311a-b96d-4465-afab-f0c2563927a3": {
    "url": "db://assets/Res/Texture/MonsterEffect/m_h3_fx7.png",
    "value": {}
  },
  "35b9f7bf-8d42-4d3c-b310-545c2b554cf0": {
    "url": "db://assets/Res/Texture/MonsterEffect/m_h3_fx8.png",
    "value": {}
  },
  "ae676ddc-f0dd-4e02-8126-6b35f45ce196": {
    "url": "db://assets/Res/Texture/MonsterEffect/m_h3_fx9.png",
    "value": {}
  },
  "0152a20e-1939-4f6c-bd7d-b597f2041b8c": {
    "url": "db://assets/Res/Texture/MonsterEffect/m_h4_fx1.png",
    "value": {}
  },
  "6ef1aed8-e22a-40f9-9ea2-e60ea8dae07a": {
    "url": "db://assets/Res/Texture/MonsterEffect/m_h4_fx2.png",
    "value": {}
  },
  "258ce802-d75d-41cc-ad74-e36d6abeebef": {
    "url": "db://assets/Res/Texture/MonsterEffect/m_h4_fx3.png",
    "value": {}
  },
  "c7fb4194-1f10-4257-88cb-2e88284d38f1": {
    "url": "db://assets/Res/Texture/MonsterEffect/m_h4_fx4.png",
    "value": {}
  },
  "441af188-eea6-4447-aaec-a73e6576c2e2": {
    "url": "db://assets/Res/Texture/MonsterEffect/m_h4_fx5.png",
    "value": {}
  },
  "ea675f79-4578-4da4-aed6-fbcaaa886458": {
    "url": "db://assets/Res/Texture/MonsterEffect/m_h4_fx6.png",
    "value": {}
  },
  "20650dc5-cdc9-436d-9cd2-b98883b2c159": {
    "url": "db://assets/Res/Texture/MonsterEffect/m_h4_fx7.png",
    "value": {}
  },
  "8bbbefeb-7f55-4d53-8278-d100eea0afde": {
    "url": "db://assets/Res/Texture/MonsterEffect/m_h4_fx8.png",
    "value": {}
  },
  "ff430414-dfb9-420b-963d-7ee492b38c4f": {
    "url": "db://assets/Res/Texture/MonsterEffect/m_h4_fx9.png",
    "value": {}
  },
  "8f610796-6d05-470a-b13d-61693ab0840a": {
    "url": "db://assets/Res/Texture/MonsterEffect/m_h5_fx1.png",
    "value": {}
  },
  "dc0bc6e5-9eb9-44d2-9ba9-b7c6a4cb1129": {
    "url": "db://assets/Res/Texture/MonsterEffect/m_h5_fx2.png",
    "value": {}
  },
  "bef716d5-7ccd-4f9a-a1ee-4d27a1d036fc": {
    "url": "db://assets/Res/Texture/MonsterEffect/m_h5_fx3.png",
    "value": {}
  },
  "4c9e06ac-bd51-4127-9ca8-117dcf4e187a": {
    "url": "db://assets/Res/Texture/MonsterEffect/m_h5_fx4.png",
    "value": {}
  },
  "7ecdd218-0ceb-467a-9070-44deda25cbb9": {
    "url": "db://assets/Res/Texture/MonsterEffect/m_h5_fx5.png",
    "value": {}
  },
  "f1c69742-2763-43bb-967e-dbbd7eebdf9a": {
    "url": "db://assets/Res/Texture/MonsterEffect/m_h5_fx6.png",
    "value": {}
  },
  "b85749d9-27ac-4286-afca-7f795cb59dfb": {
    "url": "db://assets/Res/Texture/MonsterEffect/m_h5_fx7.png",
    "value": {}
  },
  "8824baca-208d-4b07-ab31-1b7e5924532e": {
    "url": "db://assets/Res/Texture/MonsterEffect/m_h5_fx8.png",
    "value": {}
  },
  "0186e1b5-aa7c-4e1e-98b6-d3cd734d0427": {
    "url": "db://assets/Res/Texture/MonsterEffect/m_h5_fx9.png",
    "value": {}
  },
  "6ecc1a0a-286c-4cf0-a05b-e7a844557351": {
    "url": "db://assets/Res/Texture/MonsterEffect/m_h6_fx1.png",
    "value": {}
  },
  "b388a945-6f0f-433b-aa7a-97e342cfebc5": {
    "url": "db://assets/Res/Texture/MonsterEffect/m_h6_fx2.png",
    "value": {}
  },
  "d2b2d77e-f963-4171-a089-58017aa7d179": {
    "url": "db://assets/Res/Texture/MonsterEffect/m_h6_fx3.png",
    "value": {}
  },
  "d659b319-f74c-42bb-b07c-6c4ea9fc95ad": {
    "url": "db://assets/Res/Texture/MonsterEffect/m_h6_fx4.png",
    "value": {}
  },
  "9631fa91-4147-4c55-a65b-97f7aeec9514": {
    "url": "db://assets/Res/Texture/MonsterEffect/m_h6_fx5.png",
    "value": {}
  },
  "90f97c5d-42eb-48d0-8cdd-b69b64333b01": {
    "url": "db://assets/Res/Texture/MonsterEffect/m_h6_fx6.png",
    "value": {}
  },
  "5cc693a0-004d-46f8-9920-5c7e7437cad7": {
    "url": "db://assets/Res/Texture/MonsterEffect/m_h6_fx7.png",
    "value": {}
  },
  "45fd663c-4e61-4df2-a840-8ad1022cad82": {
    "url": "db://assets/Res/Texture/MonsterEffect/m_h6_fx8.png",
    "value": {}
  },
  "c4b838fe-431d-4503-bc5e-35aade4e96c8": {
    "url": "db://assets/Res/Texture/MonsterEffect/m_h6_fx9.png",
    "value": {}
  },
  "6d8eb502-a3c9-4137-b0c3-8b3524544138": {
    "url": "db://assets/Res/Ani/M_HurtEffect1.anim",
    "value": {}
  },
  "63688d44-af96-45f9-a157-0e08040abf76": {
    "url": "db://assets/resources/Prefabs/Effect/M_HurtEffect1.prefab",
    "value": {}
  },
  "ae89c3cc-a89f-4402-91e2-6e4efb90cd0b": {
    "url": "db://assets/Res/Ani/M_HurtEffect2.anim",
    "value": {}
  },
  "47937a38-6068-4354-83ee-7e8b11ab38f4": {
    "url": "db://assets/resources/Prefabs/Effect/M_HurtEffect2.prefab",
    "value": {}
  },
  "6adf5b16-79c7-4b80-9ecb-a19524106ec4": {
    "url": "db://assets/Res/Ani/M_HurtEffect3.anim",
    "value": {}
  },
  "d121f662-664f-4154-89eb-e0ed45efd354": {
    "url": "db://assets/resources/Prefabs/Effect/M_HurtEffect3.prefab",
    "value": {}
  },
  "65d2ef02-aa34-4aba-a769-f5ea9fb34828": {
    "url": "db://assets/Res/Ani/M_HurtEffect4.anim",
    "value": {}
  },
  "0471040e-1c53-4c91-af22-adc2fb0b3466": {
    "url": "db://assets/resources/Prefabs/Effect/M_HurtEffect4.prefab",
    "value": {}
  },
  "c439f7cc-f60d-4df1-973d-f61c3c2ac241": {
    "url": "db://assets/Res/Ani/M_HurtEffect5.anim",
    "value": {}
  },
  "e1eb3a87-7b95-4f85-9d8b-829fd090663a": {
    "url": "db://assets/resources/Prefabs/Effect/M_HurtEffect5.prefab",
    "value": {}
  },
  "56bd6c70-379b-4ab1-a8a6-812083014154": {
    "url": "db://assets/Res/Ani/Skills",
    "value": {}
  },
  "adbcd357-2a0a-4bd1-b30c-49ffd349e07e": {
    "url": "db://assets/Res/DragonBones/monster1_tex.png",
    "value": {}
  },
  "c41cb996-fffc-45d4-96f5-1a74dbe1ef66": {
    "url": "db://assets/Res/DragonBones/monster1_ske.json",
    "value": {}
  },
  "d9d042e3-f48c-41c2-af21-73b474fcc8db": {
    "url": "db://assets/Res/DragonBones/monster1_tex.json",
    "value": {}
  }
}
